unique_id,osmid,element_type,name,shop,designation,phone,website,office,addr:city,addr:country,addr:postcode,addr:state,addr:street,source,email,fax,name:en,opening_hours,amenity,internet_access,contact:email,contact:fax,contact:mobile,contact:phone,contact:website,wheelchair,operator,building:level,fixme,addr:housenumber,building,url,addr:housename,int_name,name:es,name:fr,name:de,description,payment:cash,payment:credit_cards,payment:debit_cards,payment:mastercard,payment:visa,name:ja,start_date,payment:american_express,name:ru,facebook,toilets:wheelchair,payment:wire_transfer,tourism,name:it,brand,currency:EUR,currency:GBP,currency:USD,currency:others,ele,ref:vatin,name:hi,post_box,nodes,building:adjacency,building:age,building:condition,building:floor_type,building:gable_wall,building:geological_site,building:lateral:material,building:lateral:system,building:levels,building:levels:underground,building:overhang,building:roof_type,building:soft_storey,building:structure,building:typology,building:use,capacity:persons,floor:material:type,roof:material,roof:material:type,roof:shape,shape:elevation,shape:plan,timestamp,completeness_score
node/1349680759,1349680759,node,Nepal Kaze Travel,travel_agency,,,,,,,,,,,,,,,,,,,,,,,,,,,,,,,,,,,,,,,,,,,,,,,,,,,,,,,,,,,,,,,,,,,,,,,,,,,,,,,,,,2011-07-04T21:47:02Z,1.0
node/1845559149,1845559149,node,Firante Treks and Expeditions,travel_agency,Treks and Expeditions,+977 1-4000043,http://www.firante.com/,,,,,,,,,,,,,,,,,,,,,,,,,,,,,,,,,,,,,,,,,,,,,,,,,,,,,,,,,,,,,,,,,,,,,,,,,,,,,,,2018-12-06T09:12:00Z,1.0
node/1898414113,1898414113,node,Airarabia airlines,travel_agency,,,,,,,,,,,,,,,,,,,,,,,,,,,,,,,,,,,,,,,,,,,,,,,,,,,,,,,,,,,,,,,,,,,,,,,,,,,,,,,,,,2012-09-04T14:53:56Z,1.0
node/1898414116,1898414116,node,Voyage Unlimited Tours and Travel,travel_agency,,,,,,,,,,,,,,,,,,,,,,,,,,,,,,,,,,,,,,,,,,,,,,,,,,,,,,,,,,,,,,,,,,,,,,,,,,,,,,,,,,2012-09-04T14:53:56Z,1.0
node/1898463260,1898463260,node,Amaravati International (Dragon Air),travel_agency,,,,,,,,,,,,,,,,,,,,,,,,,,,,,,,,,,,,,,,,,,,,,,,,,,,,,,,,,,,,,,,,,,,,,,,,,,,,,,,,,,2013-01-09T06:39:35Z,1.0
node/1898513862,1898513862,node,Shangrila Holidays and Adventures,travel_agency,,,,,,,,,,,,,,,,,,,,,,,,,,,,,,,,,,,,,,,,,,,,,,,,,,,,,,,,,,,,,,,,,,,,,,,,,,,,,,,,,,2019-03-19T08:28:18Z,1.0
node/1898572363,1898572363,node,Broadway Travels,travel_agency,,,,,,,,,,,,,,,,,,,,,,,,,,,,,,,,,,,,,,,,,,,,,,,,,,,,,,,,,,,,,,,,,,,,,,,,,,,,,,,,,,2015-07-17T06:41:59Z,1.0
node/1898593307,1898593307,node,East Travels Nepal,travel_agency,,,,,,,,,,,,,,,,,,,,,,,,,,,,,,,,,,,,,,,,,,,,,,,,,,,,,,,,,,,,,,,,,,,,,,,,,,,,,,,,,,2015-07-17T06:42:11Z,1.0
node/1904215985,1904215985,node,Him Nadi travels,travel_agency,,,,,,,,,,,,,,,,,,,,,,,,,,,,,,,,,,,,,,,,,,,,,,,,,,,,,,,,,,,,,,,,,,,,,,,,,,,,,,,,,,2012-09-07T13:33:33Z,1.0
node/1905155323,1905155323,node,Ace Travels,travel_agency,,,,,,,,,,,,,,,,,,,,,,,,,,,,,,,,,,,,,,,,,,,,,,,,,,,,,,,,,,,,,,,,,,,,,,,,,,,,,,,,,,2015-07-17T06:44:25Z,1.0
node/1907896202,1907896202,node,Blue Sapphire Travels and Tours,travel_agency,,,,,,,,,,,,,,,,,,,,,,,,,,,,,,,,,,,,,,,,,,,,,,,,,,,,,,,,,,,,,,,,,,,,,,,,,,,,,,,,,,2012-09-10T05:21:42Z,1.0
node/1936281018,1936281018,node,Sharp Travels and Tours Pvt Ltd,travel_agency,,,,travel_agent,,,,,,,,,,,,,,,,,,,,,,,,,,,,,,,,,,,,,,,,,,,,,,,,,,,,,,,,,,,,,,,,,,,,,,,,,,,,,,2012-09-28T06:16:44Z,1.0
node/1956979191,1956979191,node,Hidden holidays travels and tours pvt. ltd.,travel_agency,,,,,,,,,,,,,,,,,,,,,,,,,,,,,,,,,,,,,,,,,,,,,,,,,,,,,,,,,,,,,,,,,,,,,,,,,,,,,,,,,,2018-12-09T11:36:09Z,1.0
node/1956979193,1956979193,node,Netra Travels and Tours pvt. ltd,travel_agency,,,,,,,,,,,,,,,,,,,,,,,,,,,,,,,,,,,,,,,,,,,,,,,,,,,,,,,,,,,,,,,,,,,,,,,,,,,,,,,,,,2012-10-10T18:18:44Z,1.0
node/1956979194,1956979194,node,Titanic travels and tours pvt. ltd.,travel_agency,,,,,,,,,,,,,,,,,,,,,,,,,,,,,,,,,,,,,,,,,,,,,,,,,,,,,,,,,,,,,,,,,,,,,,,,,,,,,,,,,,2012-10-10T18:18:44Z,1.0
node/1957113649,1957113649,node,Air Express International Travels and Tours,travel_agency,,,,,,,,,,,,,,,,,,,,,,,,,,,,,,,,,,,,,,,,,,,,,,,,,,,,,,,,,,,,,,,,,,,,,,,,,,,,,,,,,,2012-10-10T18:01:00Z,1.0
node/1957113650,1957113650,node,Arihat holidays.com,travel_agency,,,,,,,,,,,,,,,,,,,,,,,,,,,,,,,,,,,,,,,,,,,,,,,,,,,,,,,,,,,,,,,,,,,,,,,,,,,,,,,,,,2012-10-10T18:01:00Z,1.0
node/1957113651,1957113651,node,Astha international travels and tours,travel_agency,,,,,,,,,,,,,,,,,,,,,,,,,,,,,,,,,,,,,,,,,,,,,,,,,,,,,,,,,,,,,,,,,,,,,,,,,,,,,,,,,,2012-10-10T18:01:00Z,1.0
node/1957113654,1957113654,node,Bharosa Travels and Tours,travel_agency,,,,,,,,,,,,,,,,,,,,,,,,,,,,,,,,,,,,,,,,,,,,,,,,,,,,,,,,,,,,,,,,,,,,,,,,,,,,,,,,,,2012-10-10T18:01:00Z,1.0
node/1957113656,1957113656,node,Megabyte tours and travels,travel_agency,,,,,,,,,,,,,,,,,,,,,,,,,,,,,,,,,,,,,,,,,,,,,,,,,,,,,,,,,,,,,,,,,,,,,,,,,,,,,,,,,,2012-10-10T18:01:00Z,1.0
node/1957113658,1957113658,node,Moon Sun Travels and Tours,travel_agency,,,,,,,,,,,,,,,,,,,,,,,,,,,,,,,,,,,,,,,,,,,,,,,,,,,,,,,,,,,,,,,,,,,,,,,,,,,,,,,,,,2012-10-10T18:01:00Z,1.0
node/1957113663,1957113663,node,Peace Travels and Tours,travel_agency,,,,,,,,,,,,,,,,,,,,,,,,,,,,,,,,,,,,,,,,,,,,,,,,,,,,,,,,,,,,,,,,,,,,,,,,,,,,,,,,,,2015-02-10T10:51:47Z,1.0
node/1957113665,1957113665,node,Primier Travels and Tours,travel_agency,,,,,,,,,,,,,,,,,,,,,,,,,,,,,,,,,,,,,,,,,,,,,,,,,,,,,,,,,,,,,,,,,,,,,,,,,,,,,,,,,,2012-10-10T18:01:01Z,1.0
node/1957113666,1957113666,node,Prism Travels and Tours pvt. ltd.,travel_agency,,,,,,,,,,,,,,,,,,,,,,,,,,,,,,,,,,,,,,,,,,,,,,,,,,,,,,,,,,,,,,,,,,,,,,,,,,,,,,,,,,2012-10-10T18:01:01Z,1.0
node/1957113667,1957113667,node,Proficient Travels and Tours,travel_agency,,,,,,,,,,,,,,,,,,,,,,,,,,,,,,,,,,,,,,,,,,,,,,,,,,,,,,,,,,,,,,,,,,,,,,,,,,,,,,,,,,2012-10-10T18:01:01Z,1.0
node/1957130654,1957130654,node,Prism Travel and Tours,travel_agency,,,,,,,,,,,,,,,,,,,,,,,,,,,,,,,,,,,,,,,,,,,,,,,,,,,,,,,,,,,,,,,,,,,,,,,,,,,,,,,,,,2012-10-10T18:30:55Z,1.0
node/1957158792,1957158792,node,Air Express Internatonal Tours and Travels,travel_agency,,,,,,,,,,,,,,,,,,,,,,,,,,,,,,,,,,,,,,,,,,,,,,,,,,,,,,,,,,,,,,,,,,,,,,,,,,,,,,,,,,2012-10-10T18:30:51Z,1.0
node/1957158793,1957158793,node,Arihant holidays.com Travel,travel_agency,,,,,,,,,,,,,,,,,,,,,,,,,,,,,,,,,,,,,,,,,,,,,,,,,,,,,,,,,,,,,,,,,,,,,,,,,,,,,,,,,,2012-10-10T18:30:51Z,1.0
node/1957158795,1957158795,node,Astha Tours and Travels,travel_agency,,,,,,,,,,,,,,,,,,,,,,,,,,,,,,,,,,,,,,,,,,,,,,,,,,,,,,,,,,,,,,,,,,,,,,,,,,,,,,,,,,2012-10-10T18:30:51Z,1.0
node/1957158798,1957158798,node,Bharosa Travels and Tours,travel_agency,,,,,,,,,,,,,,,,,,,,,,,,,,,,,,,,,,,,,,,,,,,,,,,,,,,,,,,,,,,,,,,,,,,,,,,,,,,,,,,,,,2012-10-10T18:30:51Z,1.0
node/1957158803,1957158803,node,Danta Tours,travel_agency,,,,,,,,,,,,,,,,,,,,,,,,,,,,,,,,,,,,,,,,,,,,,,,,,,,,,,,,,,,,,,,,,,,,,,,,,,,,,,,,,,2012-10-10T18:30:51Z,1.0
node/1957158807,1957158807,node,Kirti Travels and Tours,travel_agency,,,,,,,,,,,,,,,,,,,,,,,,,,,,,,,,,,,,,,,,,,,,,,,,,,,,,,,,,,,,,,,,,,,,,,,,,,,,,,,,,,2012-10-10T18:30:51Z,1.0
node/1957158816,1957158816,node,Megabyte Travels and Tours,travel_agency,,,,,,,,,,,,,,,,,,,,,,,,,,,,,,,,,,,,,,,,,,,,,,,,,,,,,,,,,,,,,,,,,,,,,,,,,,,,,,,,,,2012-10-10T18:30:51Z,1.0
node/1957158841,1957158841,node,Moon and Sun Travels and Tours,travel_agency,,,,,,,,,,,,,,,,,,,,,,,,,,,,,,,,,,,,,,,,,,,,,,,,,,,,,,,,,,,,,,,,,,,,,,,,,,,,,,,,,,2012-10-10T18:30:52Z,1.0
node/1957158857,1957158857,node,Peace Travels and Tours,travel_agency,,,,,,,,,,,,,,,,,,,,,,,,,,,,,,,,,,,,,,,,,,,,,,,,,,,,,,,,,,,,,,,,,,,,,,,,,,,,,,,,,,2015-02-10T10:51:47Z,1.0
node/1957158860,1957158860,node,Prashanti Tours,travel_agency,,,,,,,,,,,,,,,,,,,,,,,,,,,,,,,,,,,,,,,,,,,,,,,,,,,,,,,,,,,,,,,,,,,,,,,,,,,,,,,,,,2012-10-10T18:30:52Z,1.0
node/1957158863,1957158863,node,Proficient Travels,travel_agency,,,,,,,,,,,,,,,,,,,,,,,,,,,,,,,,,,,,,,,,,,,,,,,,,,,,,,,,,,,,,,,,,,,,,,,,,,,,,,,,,,2012-10-10T18:30:52Z,1.0
node/1957158897,1957158897,node,Rupakot Tours and Travels,travel_agency,,,,,,,,,,,,,,,,,,,,,,,,,,,,,,,,,,,,,,,,,,,,,,,,,,,,,,,,,,,,,,,,,,,,,,,,,,,,,,,,,,2018-11-25T10:10:15Z,1.0
node/1957179276,1957179276,node,Dhaulagiri Adventure Travels and Tours,travel_agency,,,,,,,,,,,,,,,,,,,,,,,,,,,,,,,,,,,,,,,,,,,,,,,,,,,,,,,,,,,,,,,,,,,,,,,,,,,,,,,,,,2012-10-10T18:38:59Z,1.0
node/1957179280,1957179280,node,Eve Buddha Travels and Tours,travel_agency,,,,,,,,,,,,,,,,,,,,,,,,,,,,,,,,,,,,,,,,,,,,,,,,,,,,,,,,,,,,,,,,,,,,,,,,,,,,,,,,,,2012-10-10T18:38:59Z,1.0
node/1957179296,1957179296,node,Mass Travels and Tours,travel_agency,,,,,,,,,,,,,,,,,,,,,,,,,,,,,,,,,,,,,,,,,,,,,,,,,,,,,,,,,,,,,,,,,,,,,,,,,,,,,,,,,,2012-10-10T18:38:59Z,1.0
node/1957179302,1957179302,node,Nabil Travels and Tours,travel_agency,,,,,,,,,,,,,,,,,,,,,,,,,,,,,,,,,,,,,,,,,,,,,,,,,,,,,,,,,,,,,,,,,,,,,,,,,,,,,,,,,,2012-10-10T18:38:59Z,1.0
node/1957179309,1957179309,node,Prayas Tours and Travels,travel_agency,,,,,,,,,,,,,,,,,,,,,,,,,,,,,,,,,,,,,,,,,,,,,,,,,,,,,,,,,,,,,,,,,,,,,,,,,,,,,,,,,,2012-10-10T18:38:59Z,1.0
node/1957179313,1957179313,node,Surakshya Travels and Tours,travel_agency,,,,,,,,,,,,,,,,,,,,,,,,,,,,,,,,,,,,,,,,,,,,,,,,,,,,,,,,,,,,,,,,,,,,,,,,,,,,,,,,,,2012-10-10T18:38:59Z,1.0
node/1957179341,1957179341,node,Tag Tours and Travels,travel_agency,,,,,,,,,,,,,,,,,,,,,,,,,,,,,,,,,,,,,,,,,,,,,,,,,,,,,,,,,,,,,,,,,,,,,,,,,,,,,,,,,,2012-10-10T18:38:59Z,1.0
node/1957179351,1957179351,node,Venture Himalayan Travels,travel_agency,,,,,,,,,,,,,,,,,,,,,,,,,,,,,,,,,,,,,,,,,,,,,,,,,,,,,,,,,,,,,,,,,,,,,,,,,,,,,,,,,,2012-10-10T18:39:00Z,1.0
node/1957221689,1957221689,node,Ace Travels Branch,travel_agency,,,,,,,,,,,,,,,,,,,,,,,,,,,,,,,,,,,,,,,,,,,,,,,,,,,,,,,,,,,,,,,,,,,,,,,,,,,,,,,,,,2012-10-10T18:58:08Z,1.0
node/1957221692,1957221692,node,Agni Air Sales Office,travel_agency,,,,,,,,,,,,,,,,,,,,,,,,,,,,,,,,,,,,,,,,,,,,,,,,,,,,,,,,,,,,,,,,,,,,,,,,,,,,,,,,,,2012-10-10T18:58:08Z,1.0
node/1957221697,1957221697,node,Baishnavi Services / airasia.com,travel_agency,,,,,,,,,,,,,,,,,,,,,,,,,,,,,,,,,,,,,,,,,,,,,,,,,,,,,,,,,,,,,,,,,,,,,,,,,,,,,,,,,,2012-10-10T18:58:08Z,1.0
node/1957221709,1957221709,node,Bhrikuti Himalaya Treks,travel_agency,,,,,,,,,,,,,,,,,,,,,,,,,,,,,,,,,,,,,,,,,,,,,,,,,,,,,,,,,,,,,,,,,,,,,,,,,,,,,,,,,,2012-10-10T18:58:08Z,1.0
node/1957221717,1957221717,node,Biman: Bangladesh Air,travel_agency,,,,,,,,,,,,,,,,,,,,,,,,,,,,,,,,,,,,,,,,,,,,,,,,,,,,,,,,,,,,,,,,,,,,,,,,,,,,,,,,,,2012-10-10T18:58:08Z,1.0
node/1957221759,1957221759,node,Henna Travels and Tours,travel_agency,,,,,,,,,,,,,,,,,,,,,,,,,,,,,,,,,,,,,,,,,,,,,,,,,,,,,,,,,,,,,,,,,,,,,,,,,,,,,,,,,,2012-10-10T18:58:08Z,1.0
node/1957221776,1957221776,node,Key Way Travels and Tours,travel_agency,,,,,,,,,,,,,,,,,,,,,,,,,,,,,,,,,,,,,,,,,,,,,,,,,,,,,,,,,,,,,,,,,,,,,,,,,,,,,,,,,,2018-11-25T09:38:09Z,1.0
node/1957221786,1957221786,node,Ratna Holidays,travel_agency,,,,,,,,,,,,,,,,,,,,,,,,,,,,,,,,,,,,,,,,,,,,,,,,,,,,,,,,,,,,,,,,,,,,,,,,,,,,,,,,,,2012-10-10T18:58:09Z,1.0
node/1957221811,1957221811,node,Square Travels and Tours (Yatra.com),travel_agency,,,,,,,,,,,,,,,,,,,,,,,,,,,,,,,,,,,,,,,,,,,,,,,,,,,,,,,,,,,,,,,,,,,,,,,,,,,,,,,,,,2012-10-10T18:58:09Z,1.0
node/1957221818,1957221818,node,Treasure Tours Nepal,travel_agency,,,,,,,,,,,,,,,,,,,,,,,,,,,,,,,,,,,,,,,,,,,,,,,,,,,,,,,,,,,,,,,,,,,,,,,,,,,,,,,,,,2012-10-10T18:58:09Z,1.0
node/1957241488,1957241488,node,Harvest Moon,travel_agency,,,,,,,,,,,,,,,,,,,,,,,,,,,,,,,,,,,,,,,,,,,,,,,,,,,,,,,,,,,,,,,,,,,,,,,,,,,,,,,,,,2017-08-23T05:15:29Z,1.0
node/1957241506,1957241506,node,Ying Yang International Travel and Tours Pvt. Ltd.,travel_agency,,,,,,,,,,,,,,,,,,,,,,,,,,,,,,,,,,,,,,,,,,,,,,,,,,,,,,,,,,,,,,,,,,,,,,,,,,,,,,,,,,2018-11-25T09:38:09Z,1.0
node/1962216827,1962216827,node,Fishtail Tours and Travels,travel_agency,,,,,Kathmandu,NP,00977,Central Region,Pragati Marga 1,,,,,,,,,,,,,,,,,,,,,,,,,,,,,,,,,,,,,,,,,,,,,,,,,,,,,,,,,,,,,,,,,,,,,,,,,2016-12-09T04:46:21Z,1.0
node/1989508724,1989508724,node,,travel_agency,,,,,,,,,,,,,,,,,,,,,,,,,,,,,,,,,,,,,,,,,,,,,,,,,,,,,,,,,,,,,,,,,,,,,,,,,,,,,,,,,,2012-10-30T10:46:35Z,1.0
node/1996611827,1996611827,node,Ace Travels,travel_agency,,,,,,,,,,NextView,,,,,,,,,,,,,,,,,,,,,,,,,,,,,,,,,,,,,,,,,,,,,,,,,,,,,,,,,,,,,,,,,,,,,,,,2015-07-17T06:45:00Z,1.0
node/2006108107,2006108107,node,Acme Holiday Tours Pvt. Ltd.,travel_agency,,,,,,,,,,,,,,,,,,,,,,,,,,,,,,,,,,,,,,,,,,,,,,,,,,,,,,,,,,,,,,,,,,,,,,,,,,,,,,,,,,2018-12-07T07:58:19Z,1.0
node/2006108108,2006108108,node,Kamana Tres and Expeditions Pvt.,travel_agency,,,,,,,,,,,,,,,,,,,,,,,,,,,,,,,,,,,,,,,,,,,,,,,,,,,,,,,,,,,,,,,,,,,,,,,,,,,,,,,,,,2018-12-07T07:58:19Z,1.0
node/2006124080,2006124080,node,Exodus Trek and Expeditions Pvt Ltd Nepal,travel_agency,,,,,,,,,,,,,,,,,,,,,,,,,,,,,,,,,,,,,,,,,,,,,,,,,,,,,,,,,,,,,,,,,,,,,,,,,,,,,,,,,,2015-07-17T06:42:56Z,1.0
node/2006124081,2006124081,node,Exodus Trek and Tours Pvt Ltd Nepal,travel_agency,,,,,,,,,,,,,,,,,,,,,,,,,,,,,,,,,,,,,,,,,,,,,,,,,,,,,,,,,,,,,,,,,,,,,,,,,,,,,,,,,,2015-07-17T06:43:54Z,1.0
node/2006124084,2006124084,node,Shristi Travel and tours pvt. ltd,travel_agency,,,,,,,,,,,,,,,,,,,,,,,,,,,,,,,,,,,,,,,,,,,,,,,,,,,,,,,,,,,,,,,,,,,,,,,,,,,,,,,,,,2015-07-17T06:43:13Z,1.0
node/2049278525,2049278525,node,Ace Travels,travel_agency,,,,,,,,,,,,,,,,,,,,,,,,,,,,,,,,,,,,,,,,,,,,,,,,,,,,,,,,,,,,,,,,,,,,,,,,,,,,,,,,,,2012-12-04T04:01:01Z,1.0
node/2071315782,2071315782,node,Air Globe Tours & Travels PLtd,travel_agency,,,www.airglobetravels.com,,,,,,,,,,,,,,,,,,,,,,,,,,,,,,,,,,,,,,,,,,,,,,,,,,,,,,,,,,,,,,,,,,,,,,,,,,,,,,,2012-12-17T11:05:48Z,1.0
node/2071315789,2071315789,node,Manaslu Trends & Tours,travel_agency,,,,,,,,,,,,,,,,,,,,,,,,,,,,,,,,,,,,,,,,,,,,,,,,,,,,,,,,,,,,,,,,,,,,,,,,,,,,,,,,,,2012-12-17T11:05:49Z,1.0
node/2074278690,2074278690,node,Kailash Treks P.Ltd,travel_agency,,,,,,,,,,,,,,,,,,,,,,,,,,,,,,,,,,,,,,,,,,,,,,,,,,,,,,,,,,,,,,,,,,,,,,,,,,,,,,,,,,2012-12-19T09:09:43Z,1.0
node/2082978243,2082978243,node,Monte Bianco Adventures,travel_agency,,,,,,,,,,,,,,,,,,,,,,,,,,,,,,,,,,,,,,,,,,,,,,,,,,,,,,,,,,,,,,,,,,,,,,,,,,,,,,,,,,2012-12-26T08:34:28Z,1.0
node/2084372318,2084372318,node,Opera Travels & Tours,travel_agency,,+977 01 4415326,,,,,,,,,,,,,,,,,,,,,,,,,,,,,,,,,,,,,,,,,,,,,,,,,,,,,,,,,,,,,,,,,,,,,,,,,,,,,,,,2015-07-17T06:43:57Z,1.0
node/2084372339,2084372339,node,Yonjan Travel Agency,travel_agency,,,,,,,,,,,,,,,,,,,,,,,,,,,,,,,,,,,,,,,,,,,,,,,,,,,,,,,,,,,,,,,,,,,,,,,,,,,,,,,,,,2015-07-17T06:44:31Z,1.0
node/2085527639,2085527639,node,Himalayan Travel and Tours,travel_agency,,,,,,,,,,,,,,,,,,,,,,,,,,,,,,,,,,,,,,,,,,,,,,,,,,,,,,,,,,,,,,,,,,,,,,,,,,,,,,,,,,2012-12-28T09:54:03Z,1.0
node/2085527642,2085527642,node,Mountain Legent Private Limited,travel_agency,,,,,,,,,,,,,,,,,,,,,,,,,,,,,,,,,,,,,,,,,,,,,,,,,,,,,,,,,,,,,,,,,,,,,,,,,,,,,,,,,,2012-12-28T09:54:03Z,1.0
node/2087434238,2087434238,node,Prasha Travels & Tours,travel_agency,,,,,,,,,,,,,,,,,,,,,,,,,,,,,,,,,,,,,,,,,,,,,,,,,,,,,,,,,,,,,,,,,,,,,,,,,,,,,,,,,,2012-12-29T16:49:21Z,1.0
node/2088211118,2088211118,node,More Than Mountain Treks,travel_agency,,,,,,,,,,,,,,,,,,,,,,,,,,,,,,,,,,,,,,,,,,,,,,,,,,,,,,,,,,,,,,,,,,,,,,,,,,,,,,,,,,2018-11-29T04:38:08Z,1.0
node/2088211119,2088211119,node,Visit Karnali Travels,travel_agency,,,,,,,,,,,,,,,,,,,,,,,,,,,,,,,,,,,,,,,,,,,,,,,,,,,,,,,,,,,,,,,,,,,,,,,,,,,,,,,,,,2018-11-29T04:38:08Z,1.0
node/2090613250,2090613250,node,Mandala Trekking,travel_agency,,,,,,,,,,,,,,,,,,,,,,,,,,,,,,,,,,,,,,,,,,,,,,,,,,,,,,,,,,,,,,,,,,,,,,,,,,,,,,,,,,2013-01-01T06:23:38Z,1.0
node/2090613252,2090613252,node,S & T Holidays,travel_agency,,,,,,,,,,,,,,,,,,,,,,,,,,,,,,,,,,,,,,,,,,,,,,,,,,,,,,,,,,,,,,,,,,,,,,,,,,,,,,,,,,2013-01-01T06:23:38Z,1.0
node/2090613255,2090613255,node,Use Holidays,travel_agency,,,,,,,,,,,,,,,,,,,,,,,,,,,,,,,,,,,,,,,,,,,,,,,,,,,,,,,,,,,,,,,,,,,,,,,,,,,,,,,,,,2013-01-01T06:23:38Z,1.0
node/2090613257,2090613257,node,Yatri Trekking,travel_agency,,,,,,,,,,,,,,,,,,,,,,,,,,,,,,,,,,,,,,,,,,,,,,,,,,,,,,,,,,,,,,,,,,,,,,,,,,,,,,,,,,2013-01-01T06:23:38Z,1.0
node/2090620855,2090620855,node,Fox Travels and Tours,travel_agency,,,,,,,,,,,,,,,,,,,,,,,,,,,,,,,,,,,,,,,,,,,,,,,,,,,,,,,,,,,,,,,,,,,,,,,,,,,,,,,,,,2013-01-01T06:53:36Z,1.0
node/2090627607,2090627607,node,Himalaya Holidays,travel_agency,,,,,,,,,,,,,,,,,,,,,,,,,,,,,,,,,,,,,,,,,,,,,,,,,,,,,,,,,,,,,,,,,,,,,,,,,,,,,,,,,,2013-01-01T07:25:36Z,1.0
node/2090665075,2090665075,node,Nepal Ecology Treks and Rafting,travel_agency,,,,,,,,,,,,,,,,,,,,,,,,,,,,,,,,,,,,,,,,,,,,,,,,,,,,,,,,,,,,,,,,,,,,,,,,,,,,,,,,,,2013-01-01T08:26:56Z,1.0
node/2090670216,2090670216,node,Sherpa Journeys Pvt. Ltd.,travel_agency,,,,,,,,,,,,,,,,,,,,,,,,,,,,,,,,,,,,,,,,,,,,,,,,,,,,,,,,,,,,,,,,,,,,,,,,,,,,,,,,,,2013-01-01T08:38:07Z,1.0
node/2091829796,2091829796,node,Cho-oyu Trekking Pvt. Ltd.,travel_agency,,,,,,,,,,,,,,,,,,,,,,,,,,,,,,,,,,,,,,,,,,,,,,,,,,,,,,,,,,,,,,,,,,,,,,,,,,,,,,,,,,2013-01-02T06:01:37Z,1.0
node/2097704749,2097704749,node,President Travel & Tours P Ltd,travel_agency,,+97714220245,http://www.pttnepal.com,,Kathmandu,,,,Durbar Marg,,info@president.com.np,+97714221180,President Travel & Tours P Ltd,Su-Fr 09:30-17:30; Sa 09:30-13:00,,,,,,,,,,,,,,,,,,,,,,,,,,,,,,,,,,,,,,,,,,,,,,,,,,,,,,,,,,,,,,,,,,,,2017-08-15T10:22:27Z,1.0
node/2106855877,2106855877,node,amadablam travel and tours,travel_agency,,,,,,,,,,,,,Amadablam,,,,,,,,,,,,,,,,,,,,,,,,,,,,,,,,,,,,,,,,,,,,,,,,,,,,,,,,,,,,,,,,,,,,,2017-03-31T17:38:58Z,1.0
node/2127170405,2127170405,node,Majestic travel & trek,travel_agency,,,,,,,,,,,,,,,,,,,,,,,,,,,,,,,,,,,,,,,,,,,,,,,,,,,,,,,,,,,,,,,,,,,,,,,,,,,,,,,,,,2013-01-25T08:38:30Z,1.0
node/2127170406,2127170406,node,Shiva Baba Tours and Travels,travel_agency,,,,,,,,,,,,,,,,,,,,,,,,,,,,,,,,,,,,,,,,,,,,,,,,,,,,,,,,,,,,,,,,,,,,,,,,,,,,,,,,,,2013-01-25T08:38:30Z,1.0
node/2127176412,2127176412,node,City Link Tours & Travels,travel_agency,,,,,,,,,,,,,,,,,,,,,,,,,,,,,,,,,,,,,,,,,,,,,,,,,,,,,,,,,,,,,,,,,,,,,,,,,,,,,,,,,,2013-01-25T08:46:29Z,1.0
node/2128607840,2128607840,node,Evergreen Nepal Travel and Tours,travel_agency,,,,,,,,,,,,,,,,,,,,,,,,,,,,,,,,,,,,,,,,,,,,,,,,,,,,,,,,,,,,,,,,,,,,,,,,,,,,,,,,,,2017-07-19T09:41:10Z,1.0
node/2212506690,2212506690,node,Ace Travels.com,travel_agency,,16600-100600,https://www.acetravels.com/,,,,,,,,info@acetravels.com,,,,,,,,,,,,,,,,,,,,,,,,,,,,,,,,,,,,,,,,,,,,,,,,,,,,,,,,,,,,,,,,,,,,,,,2019-03-27T21:25:56Z,1.0
node/2284383605,2284383605,node,Dalima Tours and Travels,travel_agency,,"977-01-4412133, 4410759",,,,,,,,,,,,,,,,,,,,,,,,,,,,,,,,,,,,,,,,,,,,,,,,,,,,,,,,,,,,,,,,,,,,,,,,,,,,,,,,2013-04-28T15:15:51Z,1.0
node/2668883220,2668883220,node,Peak Promotion,travel_agency,,,,,,,,,,,,,,,,,,,,,,,,,,,,,,,,,,,,,,,,,,,,,,,,,,,,,,,,,,,,,,,,,,,,,,,,,,,,,,,,,,2015-04-25T13:45:05Z,1.0
node/2684758103,2684758103,node,REX travels,travel_agency,,,,,,,,,,,,,,,,,,,,,,,,,,,,,,,,,,,,,,,,,,,,,,,,,,,,,,,,,,,,,,,,,,,,,,,,,,,,,,,,,,2014-02-22T09:14:55Z,1.0
node/2684759440,2684759440,node,Sales and Ticketing (yeti Airlines),travel_agency,,,,,,,,,,,,,,,,,,,,,,,,,,,,,,,,,,,,,,,,,,,,,,,,,,,,,,,,,,,,,,,,,,,,,,,,,,,,,,,,,,2016-06-09T05:45:09Z,1.0
node/2684764741,2684764741,node,Faith me travels and tours,travel_agency,,,,,,,,,,,,,,,,,,,,,,,,,,,,,,,,,,,,,,,,,,,,,,,,,,,,,,,,,,,,,,,,,,,,,,,,,,,,,,,,,,2017-06-16T09:07:25Z,1.0
node/2684765814,2684765814,node,deep jyoti adventure travel and tours pvt ltd,travel_agency,,,,,,,,,,,,,,,,,,,,,,,,,,,,,,,,,,,,,,,,,,,,,,,,,,,,,,,,,,,,,,,,,,,,,,,,,,,,,,,,,,2017-06-07T06:06:35Z,1.0
node/2684776590,2684776590,node,Apple pie Expedetion inc. pvt.ltd,travel_agency,,,,,,,,,,,,,,,,,,,,,,,,,,,,,,,,,,,,,,,,,,,,,,,,,,,,,,,,,,,,,,,,,,,,,,,,,,,,,,,,,,2014-02-22T09:35:37Z,1.0
node/2684817754,2684817754,node,Shrestha Consultant,travel_agency,,,,,,,,,,,,,,,,,,,,,,,,,,,,,,,,,,,,,,,,,,,,,,,,,,,,,,,,,,,,,,,,,,,,,,,,,,,,,,,,,,2019-11-07T09:20:00Z,1.0
node/2684818089,2684818089,node,,travel_agency,,,,,,,,,,,,,,,travel_agency,,,,,,,,,,,,,,,,,,,,,,,,,,,,,,,,,,,,,,,,,,,,,,,,,,,,,,,,,,,,,,,,,,,2017-06-06T06:29:48Z,1.0
node/2684821233,2684821233,node,2 miles,travel_agency,,,,,,,,,,,,,,,,,,,,,,,,,,,,,,,,,,,,,,,,,,,,,,,,,,,,,,,,,,,,,,,,,,,,,,,,,,,,,,,,,,2017-06-16T09:42:24Z,1.0
node/2794842379,2794842379,node,Paaila Treks and Expedition Pvt Ltd,travel_agency,,014358801,http://paailatreks.com,,,,44600,,,,paailatreks@gmail.com,,,24/7,,wlan,,,,,,,,,,,,,,,,,,,,,,,,,,,,,,,,,,,,,,,,,,,,,,,,,,,,,,,,,,,,,,,,,,2020-03-17T05:50:05Z,1.0
node/3039107974,3039107974,node,Skyline Treks & Expedition (P) Ltd.,travel_agency,,,,,,,,,,,,,,,,,"info@skylinetreks.com, skylinetreks@gmail.com",00977-1-4212738,00977-9851065082,"00977-1-4212737, 00977-1-4269197",http://skylinetreks.com.np,,,,,,,,,,,,,,,,,,,,,,,,,,,,,,,,,,,,,,,,,,,,,,,,,,,,,,,,,,,,,2014-08-24T11:45:29Z,1.0
node/3072759766,3072759766,node,ganga gangotri travel and tours pvt ltd.,travel_agency,,9851016693,,,,,,,,,,,,,,,,,,,,yes,,,,,,,,,,,,,,,,,,,,,,,,,,,,,,,,,,,,,,,,,,,,,,,,,,,,,,,,,,,,2014-09-12T02:57:25Z,1.0
node/3074563848,3074563848,node,Dana Travels And Tours Pvt Ltd,travel_agency,,,,,,,,,,,,,,,,,,,,,,,,,,,,,,,,,,,,,,,,,,,,,,,,,,,,,,,,,,,,,,,,,,,,,,,,,,,,,,,,,,2014-09-13T07:45:07Z,1.0
node/3074563858,3074563858,node,World Travel and Investment Pvt Ltd,travel_agency,,,,,,,,,,,,,,,,,,,,,,,,,,,,,,,,,,,,,,,,,,,,,,,,,,,,,,,,,,,,,,,,,,,,,,,,,,,,,,,,,,2014-09-13T07:45:07Z,1.0
node/3074569318,3074569318,node,My trip to Nepal,travel_agency,,,,,,,,,,,,,,,,,,,,,,,,,,,,,,,,,,,,,,,,,,,,,,,,,,,,,,,,,,,,,,,,,,,,,,,,,,,,,,,,,,2014-09-13T08:06:56Z,1.0
node/3074604291,3074604291,node,Advice travel and tours,travel_agency,,,,,,,,,,,,,,,,,,,,,,,,,,,,,,,,,,,,,,,,,,,,,,,,,,,,,,,,,,,,,,,,,,,,,,,,,,,,,,,,,,2014-09-13T08:34:29Z,1.0
node/3074604308,3074604308,node,Trip Land Travel and Tours,travel_agency,,,,,,,,,,,,,,,,,,,,,,,,,,,,,,,,,,,,,,,,,,,,,,,,,,,,,,,,,,,,,,,,,,,,,,,,,,,,,,,,,,2018-12-16T04:55:44Z,1.0
node/3079591726,3079591726,node,Ace Travels,travel_agency,,,,,,,,,,,,,,,,,,,,,,,,,,,,,,,,,,,,,,,,,,,,,,,,,,,,,,,,,,,,,,,,,,,,,,,,,,,,,,,,,,2014-09-16T04:35:13Z,1.0
node/3199964817,3199964817,node,Himalayan Scenery Treks and Expedition,travel_agency,,+9779851083619,,,Kathmandu,,44600,,Thamel Marg,,,,,,,,,,,,,,Ramkrishna Timalsina,,,,,,,,,,,,,,,,,,,,,,,,,,,,,,,,,,,,,,,,,,,,,,,,,,,,,,,,,,,2015-01-29T10:05:34Z,1.0
node/3242268149,3242268149,node,Natural Tours Pvt. Ltd.,travel_agency,,+977 1 4357415,www.naturaltoursnepal.com,,,,,,,,,,,,,,,,,,,,Gokul Kc,,,,,,,,,,,,,,,,,,,,,,,,,,,,,,,,,,,,,,,,,,,,,,,,,,,,,,,,,,,2014-12-19T08:55:26Z,1.0
node/3322949218,3322949218,node,Golden Travels,travel_agency,,,,travel_agent,,,,,,,,,,,,,,,,,,,,0,,,,,,,,,,,,,,,,,,,,,,,,,,,,,,,,,,,,,,,,,,,,,,,,,,,,,,,,,,2020-05-11T18:03:27Z,1.0
node/3325051381,3325051381,node,Mega + Travel Tours,travel_agency,,,,,,,,,,,,,,,,,,,,,,,,1,,,,,,,,,,,,,,,,,,,,,,,,,,,,,,,,,,,,,,,,,,,,,,,,,,,,,,,,,,2020-05-11T18:03:27Z,1.0
node/3325089023,3325089023,node,Kumari Tours & Travels,travel_agency,,,,travel_agent,,,,,,,,,,,,,,,,,,,,0,,,,,,,,,,,,,,,,,,,,,,,,,,,,,,,,,,,,,,,,,,,,,,,,,,,,,,,,,,2020-05-11T18:03:27Z,1.0
node/3325289399,3325289399,node,Jolly Gorkha,travel_agency,,,,travel_agent,,,,,,,,,,,,,,,,,,,,0,,,,,,,,,,,,,,,,,,,,,,,,,,,,,,,,,,,,,,,,,,,,,,,,,,,,,,,,,,2020-05-11T11:16:53Z,1.0
node/3325289400,3325289400,node,Annapurna Travel,travel_agency,,,,travel_agent,,,,,,,,,,,,,,,,,,,,0,,,,,,,,,,,,,,,,,,,,,,,,,,,,,,,,,,,,,,,,,,,,,,,,,,,,,,,,,,2020-05-11T11:16:53Z,1.0
node/3325296791,3325296791,node,Alpine Travel Service,travel_agency,,,,travel_agent,,,,,,,,,,,,,,,,,,,,0,,,,,,,,,,,,,,,,,,,,,,,,,,,,,,,,,,,,,,,,,,,,,,,,,,,,,,,,,,2020-05-11T11:16:53Z,1.0
node/3331617433,3331617433,node,Alternative Destinations,travel_agency,,,,,,,,,,,,,,,,,,,,,,,,,,,,,,,,,,,,,,,,,,,,,,,,,,,,,,,,,,,,,,,,,,,,,,,,,,,,,,,,,,2020-05-11T19:05:41Z,1.0
node/3331617435,3331617435,node,Blue Mountain,travel_agency,,,,,,,,,,,,,,,,,,,,,,,,,,,,,,,,,,,,,,,,,,,,,,,,,,,,,,,,,,,,,,,,,,,,,,,,,,,,,,,,,,2015-02-05T10:12:30Z,1.0
node/3331617448,3331617448,node,New Road,travel_agency,,,,,,,,,,,,,,,,,,,,,,,,,,,,,,,,,,,,,,,,,,,,,,,,,,,,,,,,,,,,,,,,,,,,,,,,,,,,,,,,,,2020-05-11T19:05:41Z,1.0
node/3331617452,3331617452,node,Travel Route,travel_agency,,014440506,,,,,,,Tridevi Sadak,,,,,,,,,,,,,,,,,,,,,,,,,,,,,,,,,,,,,,,,,,,,,,,,,,,,,,,,,,,,,,,,,,,,,,,,,2017-11-16T03:23:08Z,1.0
node/3331617455,3331617455,node,ZenTravels,travel_agency,,,,,,,,,,,,,,,,,,,,,,,,,,,,,,,,,,,,,,,,,,,,,,,,,,,,,,,,,,,,,,,,,,,,,,,,,,,,,,,,,,2020-05-13T07:38:40Z,1.0
node/3331703754,3331703754,node,Asian Heritage,travel_agency,,,,,,,,,,,,,,,,,,,,,,,,,not sure - same name for Gift Shop opposite Jyatha Street (but that 100% sure),,,,,,,,,,,,,,,,,,,,,,,,,,,,,,,,,,,,,,,,,,,,,,,,,,,,,,,,,2015-05-01T20:17:25Z,1.0
node/3331703756,3331703756,node,Great Nepal,travel_agency,,,,,,,,,,,,,,,,,,,,,,,,,,,,,,,,,,,,,,,,,,,,,,,,,,,,,,,,,,,,,,,,,,,,,,,,,,,,,,,,,,2015-02-05T11:41:33Z,1.0
node/3331703759,3331703759,node,Tibet Tour,travel_agency,,,,,,,,,,,,,,,,,,,,,,,,,,,,,,,,,,,,,,,,,,,,,,,,,,,,,,,,,,,,,,,,,,,,,,,,,,,,,,,,,,2015-02-05T11:41:33Z,1.0
node/3331703761,3331703761,node,Tin-Tin Trekking,travel_agency,,,http://www.tintintrekking.com,,,,,,,,,,,,,,,,,,,,,,,,,,,,,,,,,,,,,,,,,,,,,,,,,,,,,,,,,,,,,,,,,,,,,,,,,,,,,,,2015-02-05T11:41:33Z,1.0
node/3341634376,3341634376,node,Confirm Travel & Tours,travel_agency,,,,travel_agent,,,,,,,,,,,,,,,,,,,,0,,,,,,,,,,,,,,,,,,,,,,,,,,,,,,,,,,,,,,,,,,,,,,,,,,,,,,,,,,2020-05-11T18:03:27Z,1.0
node/3341689656,3341689656,node,Thomas Cook Travels,travel_agency,,,,travel_agent,,,,,,,,,,Mo-Fr 10:00-19:00; Su 10:00-11:00,,,,,,,,,,0,,,,,,,,,,,,,,,,,,,,,,,,,,,,,,,,,,,,,,,,,,,,,,,,,,,,,,,,,,2015-11-03T22:17:50Z,1.0
node/3366665686,3366665686,node,Village Nepal,travel_agency,,4443222,,,,,,,,,,,,,,,,,,,,,,,,,,,,,,,,,,,,,,,,,,,,,,,,,,,,,,,,,,,,,,,,,,,,,,,,,,,,,,,,2015-07-17T06:44:50Z,1.0
node/3395979558,3395979558,node,Aerocity Tours,travel_agency,,,,,,,,,,,,,,,,,,,,,,,,,,,,,,,,,,,,,,,,,,,,,,,,,,,,,,,,,,,,,,,,,,,,,,,,,,,,,,,,,,2015-07-17T06:43:30Z,1.0
node/3395979565,3395979565,node,Kora Tours,travel_agency,,,www.koratour.com,,,,,,,,info@koratour.com,,,,,,,,,,,,,,,,,,,,,,,,,,,,,,,,,,,,,,,,,,,,,,,,,,,,,,,,,,,,,,,,,,,,,,,2015-07-17T06:44:30Z,1.0
node/3395979566,3395979566,node,Lira Travels,travel_agency,,,,,,,,,,,,,,,,,,,,,,,,,,,,,,,,,,,,,,,,,,,,,,,,,,,,,,,,,,,,,,,,,,,,,,,,,,,,,,,,,,2015-07-17T06:44:13Z,1.0
node/3410436920,3410436920,node,Golden Crown Tours & Adventure Pvt. Ltd.,travel_agency,,+977 01 4102770,http://www.gcrown.com.np,,Kathmandu,,00446,,"Singha Durbar East Gate, Anamnagar",,mailgoldencrown@gmail.com,,,09:00-18:00,,,,,,,,,Golden Crown Tours & Adventure Pvt. Ltd.,,,House No. 817,,,,,,,,,,,,,,,,,,,,,,,,,,,,,,,,,,,,,,,,,,,,,,,,,,,,,,,,2017-11-16T22:33:24Z,1.0
node/3453166823,3453166823,node,Nepal Tours,travel_agency,,,,,Kathmandu,,00977,,Rani Devi Marg,,,,,,,,,,,,,,,,,,,,,,,,,,,,,,,,,,,,,,,,,,,,,,,,,,,,,,,,,,,,,,,,,,,,,,,,,2015-04-13T16:01:24Z,1.0
node/3476380387,3476380387,node,World Wide Travel,travel_agency,,,,,,,,,,,,,,,,,,,,,,,,,,,,,,,,,,,,,,,,,,,,,,,,,,,,,,,,,,,,,,,,,,,,,,,,,,,,,,,,,,2015-04-25T13:06:10Z,1.0
node/3476380389,3476380389,node,Yatri Tours,travel_agency,,,,,,,,,,,,,,,,,,,,,,,,,,,,,,,,,,,,,,,,,,,,,,,,,,,,,,,,,,,,,,,,,,,,,,,,,,,,,,,,,,2020-05-11T12:46:34Z,1.0
node/3476434367,3476434367,node,Nexus Travel,travel_agency,,,,,,,,,,,,,,,,,,,,,,,,,,,,,,,,,,,,,,,,,,,,,,,,,,,,,,,,,,,,,,,,,,,,,,,,,,,,,,,,,,2015-05-01T20:17:25Z,1.0
node/3477018007,3477018007,node,Amazing Nepal,travel_agency,,,,,,,,,,,,,,,,,,,,,,,,,,,,,,,,,,,,,,,,,,,,,,,,,,,,,,,,,,,,,,,,,,,,,,,,,,,,,,,,,,2015-04-25T18:52:53Z,1.0
node/3477018013,3477018013,node,Debonair,travel_agency,,9851002983,www.debonair.com.np,,,,,,Jyatha Street,,info@debonair.com.np,,,Su-Fr 10:00-19:00,,,,,,,,,,,,,,,,,,,,,,,,,,,,,,,,,,,,,,,,,,,,,,,,,,,,,,,,,,,,,,,,,,,,2016-05-21T03:50:20Z,1.0
node/3477018030,3477018030,node,Sunniva,travel_agency,,4250833,www.sunnivatravels.com,,,,,,,,,,,,,,,,,,,,,,,,,,,,,,,,,,,,,,,,,,,,,,,,,,,,,,,,,,,,,,,,,,,,,,,,,,,,,,,2015-04-25T18:52:54Z,1.0
node/3477018033,3477018033,node,Trekking in Nepal,travel_agency,,,,,,,,,,,,,,,,,,,,,,,,,,,,,,,,,,,,,,,,,,,,,,,,,,,,,,,,,,,,,,,,,,,,,,,,,,,,,,,,,,2015-05-09T10:37:36Z,1.0
node/3478158718,3478158718,node,Four Season Trekking,travel_agency,,,,,,,,,,,,,,,,,,,,,,,,,,,,,,,,,,,,,,,,,,,,,,,,,,,,,,,,,,,,,,,,,,,,,,,,,,,,,,,,,,2015-04-26T07:40:49Z,1.0
node/3478158725,3478158725,node,Trijyoti,travel_agency,,,,,,,,,,,,,,,,,trijyotitrvls@gmail.com,,,4218171,,,,,,,,,,,,,,,,,,,,,,,,,,,,,,,,,,,,,,,,,,,,,,,,,,,,,,,,,,,,,,2015-04-30T09:13:43Z,1.0
node/3479423303,3479423303,node,Rainbow Travel and Tours,travel_agency,,,http://www.rainbow-travels.com/,,,,,,,,,,,,,,,,,,,,,,,,,,,,,,,,,,,,,,,,,,,,,,,,,,,,,,,,,,,,,,,,,,,,,,,,,,,,,,,2015-04-29T23:17:31Z,1.0
node/3479503198,3479503198,node,Amazon,travel_agency,,,,,,,,,,,,,,,,,,,,,,,,,,,,,,,,,,,,,,,,,,,,,,,,,,,,,,,,,,,,,,,,,,,,,,,,,,,,,,,,,,2020-05-11T19:05:41Z,1.0
node/3479503199,3479503199,node,City Dental,travel_agency,,,,,,,,,,,,,,,,,ctmsdent@gmail.com,,,4-222441,,,,,,,,,,,,,,,,,,,,,,,,,,,,,,,,,,,,,,,,,,,,,,,,,,,,,,,,,,,,,,2020-05-11T18:50:31Z,1.0
node/3479503207,3479503207,node,Shives Travel and Tour,travel_agency,,,,,,,,,,,,,,,,,,,,,,,,,,,,,,,,,,,,,,,,,,,,,,,,,,,,,,,,,,,,,,,,,,,,,,,,,,,,,,,,,,2015-04-26T18:25:55Z,1.0
node/3482195806,3482195806,node,Alpine Asian Treks & Expeditions,travel_agency,,,https://trektournepal.com/,,,,,,,,,,,,,,,,,,,,,,,,Culture,,,,,,,,,,,,,,,,,,,,,,,,,,,,,,,,,,,,,,,,,,,,,,,,,,,,,,,2019-03-27T21:26:03Z,1.0
node/3482195816,3482195816,node,Destination Buddha,travel_agency,,,,,,,,,,,,,,,,,,,,,,,,,,,,,,,,,,,,,,,,,,,,,,,,,,,,,,,,,,,,,,,,,,,,,,,,,,,,,,,,,,2015-04-27T18:48:23Z,1.0
node/3482195825,3482195825,node,Manakamana,travel_agency,,,,,,,,,,,,,,,,,,,,,,,,,,,,,,,,,,,,,,,,,,,,,,,,,,,,,,,,,,,,,,,,,,,,,,,,,,,,,,,,,,2015-04-27T18:48:23Z,1.0
node/3482195828,3482195828,node,Nepal Tours Destination,travel_agency,,,http://www.nepaltoursdestination.com/,,,,,,,,,,,,,,,,,,,,,,,,,,,,,,,,,,,,,,,,,,,,,,,,,,,,,,,,,,,,,,,,,,,,,,,,,,,,,,,2015-04-27T18:48:23Z,1.0
node/3482195831,3482195831,node,New York,travel_agency,,,,,,,,,,,,,,,,,,,,,,,,,,,,,,,,,,,,,,,,,,,,,,,,,,,,,,,,,,,,,,,,,,,,,,,,,,,,,,,,,,2015-04-27T18:48:23Z,1.0
node/3482195835,3482195835,node,Ramdung,travel_agency,,,,,,,,,,,,,,,,,,,,,,,,,,,,,,,,,,,,,,,,,,,,,,,,,,,,,,,,,,,,,,,,,,,,,,,,,,,,,,,,,,2015-04-27T18:48:24Z,1.0
node/3482195838,3482195838,node,Temple City,travel_agency,,,,,,,,,,,,,,,,,,,,,,,,,,,,,,,,,,,,,,,,,,,,,,,,,,,,,,,,,,,,,,,,,,,,,,,,,,,,,,,,,,2015-04-27T18:48:24Z,1.0
node/3482195839,3482195839,node,Trips Out,travel_agency,,,,,,,,,,,,,,,,,,,,,,,,,,,,,,,,,,,,,,,,,,,,,,,,,,,,,,,,,,,,,,,,,,,,,,,,,,,,,,,,,,2015-04-27T18:48:24Z,1.0
node/3482195842,3482195842,node,Well Adventure,travel_agency,,,,,,,,,,,,,,,,,,,,,,,,,,,,,,,,,,,,,,,,,,,,,,,,,,,,,,,,,,,,,,,,,,,,,,,,,,,,,,,,,,2015-04-27T18:48:24Z,1.0
node/3488413712,3488413712,node,ACME,travel_agency,,,,,,,,,,,,,,,,,,,,,,,,,,,,,,,,,,,,,,,,,,,,,,,,,,,,,,,,,,,,,,,,,,,,,,,,,,,,,,,,,,2015-04-30T09:13:39Z,1.0
node/3488413716,3488413716,node,Earth Line,travel_agency,,,,,,,,,,,,,,,,,,,,,,,,,,,,,,,,,,,,,,,,,,,,,,,,,,,,,,,,,,,,,,,,,,,,,,,,,,,,,,,,,,2015-12-16T14:03:36Z,1.0
node/3488413723,3488413723,node,Kerung,travel_agency,,,,,,,,,,,,,,,,,,,,,,,,,,,,,,,,,,,,,,,,,,,,,,,,,,,,,,,,,,,,,,,,,,,,,,,,,,,,,,,,,,2015-04-30T09:13:40Z,1.0
node/3488413733,3488413733,node,Rose Mountain,travel_agency,,,,,,,,,,,,,,,,,,,,,,,,,,,,,,,,,,,,,,,,,,,,,,,,,,,,,,,,,,,,,,,,,,,,,,,,,,,,,,,,,,2015-04-30T09:13:41Z,1.0
node/3488413734,3488413734,node,Rosha,travel_agency,,,,,,,,,,,,,,,,,,,,,,,,,,,,,,,,,,,,,,,,,,,,,,,,,,,,,,,,,,,,,,,,,,,,,,,,,,,,,,,,,,2015-04-30T09:13:41Z,1.0
node/3488413740,3488413740,node,Tawache,travel_agency,,,,,,,,,,,,,,,,,tawache@mail.com.np,,,4-267013,www.adventuretawache.com,,,,,,,,,,,,,,,,,,,,,,,,,,,,,,,,,,,,,,,,,,,,,,,,,,,,,,,,,,,,,2015-04-30T09:13:41Z,1.0
node/3488413744,3488413744,node,World Express,travel_agency,,,,,,,,,,,,,,,,,,,,,,,,,,,,,,,,,,,,,,,,,,,,,,,,,,,,,,,,,,,,,,,,,,,,,,,,,,,,,,,,,,2015-04-30T13:27:12Z,1.0
node/3491198833,3491198833,node,Jusfa,travel_agency,,,,,,,,,,,,,,,,,,,,,,,,,,,,,,,,,,,,,,,,,,,,,,,,,,,,,,,,,,,,,,,,,,,,,,,,,,,,,,,,,,2015-05-01T14:29:34Z,1.0
node/3491198834,3491198834,node,Lama Parivar Himalayan Treks,travel_agency,,,,,,,,,,,,,,,,,,,,,,,,,,,,,,,,,,,,,,,,,,,,,,,,,,,,,,,,,,,,,,,,,,,,,,,,,,,,,,,,,,2020-05-11T19:05:41Z,1.0
node/3491198835,3491198835,node,Masti Nepal Travels,travel_agency,,,,,,,,,,,,,,,,,,,,,,,,,,,,,,,,,,,,,,,,,,,,,,,,,,,,,,,,,,,,,,,,,,,,,,,,,,,,,,,,,,2020-05-11T19:05:41Z,1.0
node/3491198840,3491198840,node,Open Heart,travel_agency,,,,,,,,,,,,,,,,,,,,,,,,,,,,,,,,,,,,,,,,,,,,,,,,,,,,,,,,,,,,,,,,,,,,,,,,,,,,,,,,,,2020-05-11T19:05:41Z,1.0
node/3491836057,3491836057,node,Destination Nepal,travel_agency,,,,,,,,,,,,,,,,,,,,,,,,,,,,,,,,,,,,,,,,,,,,,,,,,,,,,,,,,,,,,,,,,,,,,,,,,,,,,,,,,,2015-05-01T20:17:24Z,1.0
node/3491836062,3491836062,node,Loyal Travels,travel_agency,,,www.loyaltravel.com.np,,,,,,,,,,,,,,loyaltt@mos.com.np,,,061-464897,,,,,,,,,,,,,,,,,,,,,,,,,,,,,,,,,,,,,,,,,,,,,,,,,,,,,,,,,,,,,,2015-05-09T10:37:35Z,1.0
node/3491836065,3491836065,node,Nepal Environmental,travel_agency,,+9779851031532,,,,,,,Jyatha Street,,envtrek@wlink.com.np,,Nepal Environmental Treks & Expedition,Mo-Su 08:00-20:00,,,,,,,http://www.gotonepal.com,,,,,,,,,,,,,,,,,,,,,,,,,,,,,,,,,,,,,,,,,,,,,,,,,,,,,,,,,,,,,2016-11-11T15:04:58Z,1.0
node/3491836075,3491836075,node,World Favour,travel_agency,,,,,,,,,,,,,,,,,,,,+977-1-4250709,www.worldfavtours.com,,,,,,,,,,,,,,,,,,,,,,,,,,,,,,,,,,,,,,,,,,,,,,,,,,,,,,,,,,,,,2015-05-01T20:17:24Z,1.0
node/3506712469,3506712469,node,Forever Trekking,travel_agency,,,,,,,,,,,,,,,,,,,,,,,,,,,,,,,,,,,,,,,,,,,,,,,,,,,,,,,,,,,,,,,,,,,,,,,,,,,,,,,,,,2015-05-09T10:37:34Z,1.0
node/3506712473,3506712473,node,Joy Travel,travel_agency,,,,,,,,,,,,,,,,,,,,,,,,,,,,,,,,,,,,,,,,,,,,,,,,,,,,,,,,,,,,,,,,,,,,,,,,,,,,,,,,,,2015-05-09T10:37:35Z,1.0
node/3506712476,3506712476,node,Kathmandu Lhasa,travel_agency,,,,,,,,,,,,,,,,,,,,,,,,,,,,,,,,,,,,,,,,,,,,,,,,,,,,,,,,,,,,,,,,,,,,,,,,,,,,,,,,,,2015-05-09T10:37:35Z,1.0
node/3506712477,3506712477,node,Liberty Nepal,travel_agency,,,,,,,,,,,,,,,,,,,,,,,,,,,,,,,,,,,,,,,,,,,,,,,,,,,,,,,,,,,,,,,,,,,,,,,,,,,,,,,,,,2015-05-09T10:37:35Z,1.0
node/3506712485,3506712485,node,Rainbow Mountain Treks,travel_agency,,,,,,,,,,,,,,,,,,,,,,,,,,,,,,,,,,,,,,,,,,,,,,,,,,,,,,,,,,,,,,,,,,,,,,,,,,,,,,,,,,2015-05-09T10:37:35Z,1.0
node/3506878010,3506878010,node,Flight Connection,travel_agency,,,,,,,,,,,,,,,,,,,,,,,,,,,,,,,,,,,,,,,,,,,,,,,,,,,,,,,,,,,,,,,,,,,,,,,,,,,,,,,,,,2015-05-09T13:06:56Z,1.0
node/3506878012,3506878012,node,Highland Travels,travel_agency,,,,,,,,,,,,,,,,,,,,4253352,,,,,,,,,,,,,,,,,,,,,,,,,,,,,,,,,,,,,,,,,,,,,,,,,,,,,,,,,,,,,,2015-05-09T13:06:57Z,1.0
node/3506878015,3506878015,node,Imperial Falcon,travel_agency,,,,,,,,,,,,,,,,,,,,,,,,,,,,,,,,,,,,,,,,,,,,,,,,,,,,,,,,,,,,,,,,,,,,,,,,,,,,,,,,,,2015-05-09T13:06:57Z,1.0
node/3506878017,3506878017,node,Lion Nepal,travel_agency,,,,,,,,,,,,,,,,,,,,,,,,,,,,,,,,,,,,,,,,,,,,,,,,,,,,,,,,,,,,,,,,,,,,,,,,,,,,,,,,,,2015-05-09T13:06:57Z,1.0
node/3506878019,3506878019,node,Maitri,travel_agency,,,,,,,,,,,,,,,,,,,,,,,,,,,,,,,,,,,,,,,,,,,,,,,,,,,,,,,,,,,,,,,,,,,,,,,,,,,,,,,,,,2015-05-09T13:06:57Z,1.0
node/3506878021,3506878021,node,Nepal Treks,travel_agency,,,,,,,,,,,,,,,,,,,,,,,,,,,,,,,,,,,,,,,,,,,,,,,,,,,,,,,,,,,,,,,,,,,,,,,,,,,,,,,,,,2015-05-09T13:06:57Z,1.0
node/3506878023,3506878023,node,Sherpa Brothers,travel_agency,,,,,,,,,,,,,,,,,,,,,,,,,,,,,,,,,,,,,,,,,,,,,,,,,,,,,,,,,,,,,,,,,,,,,,,,,,,,,,,,,,2015-05-09T13:06:57Z,1.0
node/3506878026,3506878026,node,Visa Travels,travel_agency,,,,,,,,,,,,,,,,,,,,,,,,,,,,,,,,,,,,,,,,,,,,,,,,,,,,,,,,,,,,,,,,,,,,,,,,,,,,,,,,,,2015-05-09T13:06:57Z,1.0
node/3508175143,3508175143,node,Annapurna Holiday Planner,travel_agency,,,,,,,,,,,,,,,,,,,,,www.annapurnaregiontrekking.com,,,,,,,,,,,,,,,,,,,,,,,,,,,,,,,,,,,,,,,,,,,,,,,,,,,,,,,,,,,,,2015-05-10T08:31:17Z,1.0
node/3508175153,3508175153,node,Green Hiker,travel_agency,,,,,,,,,,,,,,,,,,,,,,,,,,,,,,,,,,,,,,,,,,,,,,,,,,,,,,,,,,,,,,,,,,,,,,,,,,,,,,,,,,2015-05-10T08:31:17Z,1.0
node/3508175162,3508175162,node,Lucky Journey,travel_agency,,,,,,,,,,,,,,,,,,,,,,,,,,,,,,,,,,,,,,,,,,,,,,,,,,,,,,,,,,,,,,,,,,,,,,,,,,,,,,,,,,2015-05-10T08:31:17Z,1.0
node/3509030391,3509030391,node,Nepal Tourist Service,travel_agency,,,,,,,,,,,,,,,,,,,,,,,,,,,,,,,,,,,,,,,,,,,,,,,,,,,,,,,,,,,,,,,,,,,,,,,,,,,,,,,,,,2020-05-11T11:16:53Z,1.0
node/3509034494,3509034494,node,Shambala,travel_agency,,,,,,,,,,,,,,,,,,,,,,,,,,,,,,,,,,,,,,,,,,,,,,,,,,,,,,,,,,,,,,,,,,,,,,,,,,,,,,,,,,2015-05-10T19:44:35Z,1.0
node/3509034496,3509034496,node,Suruchi,travel_agency,,,,,,,,,,,,,,,,,,,,,,,,,,,,,,,,,,,,,,,,,,,,,,,,,,,,,,,,,,,,,,,,,,,,,,,,,,,,,,,,,,2020-05-11T12:46:34Z,1.0
node/3722588409,3722588409,node,High Himalayan Trekking and Expedition Pvt. Ltd.,travel_agency,,+977 98 51031394,http://www.highhimalayantreks.com,,Kathmandu,NP,44600,,Bhagwan Bahal Marga,,highhimalayantreks@gmail.com,,,Mo-Su 08:00-18:00,,,,,,,,,Harikrishna Devkota,,,,,,,,,,,,,,,,,,,,,,,,,,,,,,,,,,,,,,,,,,,,,,,,,,,,,,,,,,,2017-12-15T17:21:28Z,1.0
node/3766701678,3766701678,node,Candid Travel Agency,travel_agency,,,,,,,,,,,,,,,,,,,,,,,,,,,,,,,,,,,,,,,,,,,,,,,,,,,,,,,,,,,,,,,,,,,,,,,,,,,,,,,,,,2018-09-13T05:58:52Z,1.0
node/3773248778,3773248778,node,Amigo Treks & Expedition,travel_agency,,+97714412014,https://www.amigotrekking.com,,Kathmandu,,44600,,Saar Mahal Marga,,,,,,,,,,,,,,Amigo Treks and expedition,,,,,https://www.amigotrekking.com,,,,,,,,,,,,,,,,,,,,,,,,,,,,,,,,,,,,,,,,,,,,,,,,,,,,,,2015-10-05T13:32:27Z,1.0
node/3906279573,3906279573,node,Nepflights,travel_agency,,,,,Kathmandu,,44600,,Tridevi Sadak,,,,,,,,,,,,,,Nepflights,,,,,,,,,,,,,,,,,,,,,,,,,,,,,,,,,,,,,,,,,,,,,,,,,,,,,,,,,,,2015-12-23T11:35:30Z,1.0
node/4112433589,4112433589,node,Deaurali Travel & Tour देउराली ट्राभल्स,travel_agency,,014225544,,,,,,,,,,,,,,,,,,,,,,,,,,,,,,,,,,,,,,,,,,,,,,,,,,,,,,,,,,,,,,,,,,,,,,,,,,,,,,,,2016-04-10T20:44:40Z,1.0
node/4144014089,4144014089,node,Gorkha Network Travels,travel_agency,,+97714242897,,,,,,,,,gorkhanetwork11@gmail.com,,,24/7,,,,,,,,,,,,,,,,,,,,,,,,,,,,,,,,,,,,,,,,,,,,,,,,,,,,,,,,,,,,,,,,,,,,2016-04-24T08:01:56Z,1.0
node/4147020889,4147020889,node,Quest Volunteer Travels & Tours (P) Ltd.,travel_agency,,+977-1-4380142,http://questvolunteer.weebly.com,,,,,,Mahadevsthan Marg,,questvolunteer.adv@gmail.com,,,"Su-Fr 09:00-09:00, 22:00-22:00",,,,,,,,,,,,16 ward ,,,,,,,,,,,,,,,,,,,,,,,,,,,,,,,,,,,,,,,,,,,,,,,,,,,,,,,,2016-04-25T15:20:51Z,1.0
node/4181110490,4181110490,node,Apex Himalaya Treks,travel_agency,,9851139945,www.apexhimalaya.com,,,,,,Thahity;Jyatha Marga,,bikram@apexhimalaya.com,,,"Mo-Su 10:00-13:00, 19:00-22:00",,,,,,,,,,,,,,,,,,,,,,,,,,,,,,,,,,,,,,,,,,,,,,,,,,,,,,,,,,,,,,,,,,,,2016-05-12T13:20:10Z,1.0
node/4182473731,4182473731,node,Apex Himalaya Treks and Expedition Pvt. Ltd.,travel_agency,,9851139945,www.apexhimalaya.com,,,,,,Thahity;Jyatha Marga,,bikram@apexhimalaya.com,,,24/7,,,,,,,,,,,,,,,,,,,,,,,,,,,,,,,,,,,,,,,,,,,,,,,,,,,,,,,,,,,,,,,,,,,,2016-05-13T04:14:11Z,1.0
node/4254093484,4254093484,node,Snowpal Trek & Expedition P.Ltd.,travel_agency,,,,,"Kathmandu, Thamel",,44600,,Gangalal Marg,,,,,08:00-18:00,,,,,,,,,,,,,,,,,,,,,,,,,,,,,,,,,,,,,,,,,,,,,,,,,,,,,,,,,,,,,,,,,,,,2019-09-05T03:57:06Z,1.0
node/4258423990,4258423990,node,Nature Trail - Nepal Tour and Trekking Agency,travel_agency,,009779851022394,https://www.naturetrail.com/,,,,44600,,Chaksibari Marg,,info@naturetrail.com,,,Mo-Su 07:00-19:00,,,,,,,,,,,,591,,,,,,,,,,,,,,,,,,,,,,,,,,,,,,,,,,,,,,,,,,,,,,,,,,,,,,,,2019-03-27T21:26:20Z,1.0
node/4270766791,4270766791,node,Adhikari,travel_agency,,,,,,,,,,,,,,,,,,,,,,,,,,,,,,,,,,,,,,,,,,,,,,,,,,,,,,,,,,,,,,,,,,,,,,,,,,,,,,,,,,2017-04-22T05:42:28Z,1.0
node/4312098789,4312098789,node,,travel_agency,,,,,,,,,,,,,,,,,,,,,,,,,,,,,,,,,,,,,,,,,,,,,,,,,,,,,,,,,,,,,,,,,,,,,,,,,,,,,,,,,,2016-07-20T02:21:31Z,1.0
node/4337921490,4337921490,node,Wind Horse Adventures,travel_agency,,+9779851171156,http://www.whadventures.com,,,,,,Amrit Marg,,info@whadventures.com,,,Su-Fr 08:00-18:00,,,,,,,,,,,,,,,,,,,,,,,,,,,,,,,,,,,,,,,,,,,,,,,,,,,,,,,,,,,,,,,,,,,,2016-08-06T02:40:54Z,1.0
node/4366575696,4366575696,node,,travel_agency,,01-4411666,http://www.ceair.com,,,,44600,,Narayanhiti Palace Museum North Gate Rd,,,,China Eastern Main Office,Su-Fr 08:00-15:00,,,,,,,,,,,,,,,,,,,,,,,,,,,,,,,,,,,,,,,,,,,,,,,,,,,,,,,,,,,,,,,,,,,,2016-08-26T10:31:13Z,1.0
node/4412721404,4412721404,node,Trekking Team Group Pvt.Ltd,travel_agency,,+9779851075681,https://trekkingteamgroup.com/,,Kathmandu,,,,J.P. School Road,,info@trekkingteamgroup.com,,Trekking Team group  Pvt.Ltd,Mo-Su 09:00-19:00,,,,,,,,,,,,102/9,yes,,Trekking Team Group Pvt. Ltd,Trekking Team Group Pvt. Ltd,,,,,,,,,,,,,,,,,,,,,,,,,,,,,,,,,,,,,,,,,,,,,,,,,,,,2019-03-27T21:25:52Z,1.0
node/4448751690,4448751690,node,,travel_agency,,14701444,https://www.outshineadventure.com/,,,,44600,,Paknajol,,outshineadventure@gmail.com,,Outshine Adventure Pvt Ltd,Mo-Su 10:00-18:00,,,,,,,,,,,,16,,,,,Outshine Adventure Pvt Ltd,,,,,,,,,,,,,,,,,,,,,,,,,,,,,,,,,,,,,,,,,,,,,,,,,,,2019-03-20T20:15:00Z,1.0
node/4458693691,4458693691,node,,travel_agency,,01-4413157,http://www.wildadventurenepal.com,,,,,,BALUWATAR,,info@wildadventurenepal.com,,WILD ADVENTURE NEPAL,24/7,,,,,,,,,,,,,,,,,,,,,,,,,,,,,,,,,,,,,,,,,,,,,,,,,,,,,,,,,,,,,,,,,,,,2016-10-23T14:50:46Z,1.0
node/4466582389,4466582389,node,,travel_agency,,014413157,http://www.wildadventurenepal.com,,,,,,Kailaspati Galli,,info@wildadventurenepal.com,,WILD ADVENTURE NEPAL,24/7,,,,,,,,,,,,,,,,,,,,,,,,,,,,,,,,,,,,,,,,,,,,,,,,,,,,,,,,,,,,,,,,,,,,2016-10-27T16:27:03Z,1.0
node/4474953389,4474953389,node,,travel_agency,,,,,,,,,,,,,Red Swissa Agency,,,,,,,,,,,,,,,,,,,,,,,,,,,,,,,,,,,,,,,,,,,,,,,,,,,,,,,,,,,,,,,,,,,,,2016-11-01T11:56:10Z,1.0
node/4484804390,4484804390,node,,travel_agency,,,,,,,,,,,,,Itrek,,,,,,,,,,,,,,,,,,,,,,,,,,,,,,,,,,,,,,,,,,,,,,,,,,,,,,,,,,,,,,,,,,,,,2016-11-06T02:38:51Z,1.0
node/4485088790,4485088790,node,,travel_agency,,009774821060,http://www.Tophimalayaguides.com,,,,44600,,kapan->> jagadol road,,info@himalayaguides.com,,Top Himalaya Guides,24/7,,,,,,,,,,,,,,,,,,,,,,,,,,,,,,,,,,,,,,,,,,,,,,,,,,,,,,,,,,,,,,,,,,,,2016-12-08T08:29:48Z,1.0
node/4503960189,4503960189,node,,travel_agency,,,https://www.mountainramadventures.com/,,,,,,Z Marg,,,,Mountain Ram Adventures P. Ltd.,,,,,,,,,,,,,,,,,,,,,,,,,,,,,,,,,,,,,,,,,,,,,,,,,,,,,,,,,,,,,,,,,,,,,2019-03-27T21:26:28Z,1.0
node/4505577489,4505577489,node,,travel_agency,,+9779851033195,http://adventuremastertreks.com,,,,,,,,info@adventuremastertreks.com,,Adventure Master,,,,,,,,,,,,,,,,,,,,,,,,,,,,,,,,,,,,,,,,,,,,,,,,,,,,,,,,,,,,,,,,,,,,,2016-11-17T04:13:02Z,1.0
node/4520496889,4520496889,node,,travel_agency,,014413157,http://www.wildadventurenepal.com,,,,,,Kailaspati Galli,,info@wildadventurenepal.com,,WILD ADVENTURE NEPAL,24/7,,,,,,,,,,,,,,,,,,,,,,,,,,,,,,,,,,,,,,,,,,,,,,,,,,,,,,,,,,,,,,,,,,,,2016-11-25T11:44:03Z,1.0
node/4525454191,4525454191,node,,travel_agency,,,,,,,,,Gundu Pandobazzar Marga,,,,NB EVEREST TRAVELS AND TOUR,,,,,,,,,,,,,,,,,,,,,,,,,,,,,,,,,,,,,,,,,,,,,,,,,,,,,,,,,,,,,,,,,,,,,2016-11-27T23:58:40Z,1.0
node/4525794590,4525794590,node,,travel_agency,,9843605846,,,,,,,,,danphesaantravel999@gmail.com,,Danphe Saan,,,,,,,,,,,,,,,,,,,,,,,,,,,,,,,,,,,,,,,,,,,,,,,,,,,,,,,,,,,,,,,,,,,,,2016-11-28T06:53:50Z,1.0
node/4533055290,4533055290,node,,travel_agency,,9801168284,,,,,,,,,prashannatraders2016@gmail.com,,Prashanna Traders,Su-Fr 10:00-18:00,,,,,,,,,,,,,,,,,,,,,,,,,,,,,,,,,,,,,,,,,,,,,,,,,,,,,,,,,,,,,,,,,,,,2016-12-02T03:25:08Z,1.0
node/4533565391,4533565391,node,,travel_agency,,0097714701084,http://http://www.highspirittreks.com,,,,44611,,Chaksibari Marg,,highspirittreks@gmail.com,,High Spirit Treks And Expedition Nepal Pvt. Ltd.,Mo-Su 09:00-19:00,,,,,,,,,,,,287/33,,,,,,,,,,,,,,,,,,,,,,,,,,,,,,,,,,,,,,,,,,,,,,,,,,,,,,,,2016-12-02T09:48:01Z,1.0
node/4535377889,4535377889,node,,travel_agency,,,,,,,,,Durbar Marg,,,,Nepal Mandala Travels,,,,,,,,,,,,,,,,,,,,,,,,,,,,,,,,,,,,,,,,,,,,,,,,,,,,,,,,,,,,,,,,,,,,,2016-12-03T09:11:31Z,1.0
node/4551978990,4551978990,node,,travel_agency,,+9779851091618,http://www.afatravels.com,,,,44600,,Jyatha Marga,,afatravels@gmail.com,,AFA Travels,Mo-Su 08:00-20:00,,,,,,,,,,,,,,,,,,,,,,,,,,,,,,,,,,,,,,,,,,,,,,,,,,,,,,,,,,,,,,,,,,,,2016-12-13T09:40:32Z,1.0
node/4557987190,4557987190,node,,travel_agency,,0097714415565,http://www.himalayanleisure.com,,,,44601,,Dabali Marga,,info@himalayanleisure.com,,"Himalayan Leisure, Inc.",Su-Fr 10:00-05:00,,,,,,,,,,,,,,,,,,,,,,,,,,,,,,,,,,,,,,,,,,,,,,,,,,,,,,,,,,,,,,,,,,,,2016-12-17T03:55:23Z,1.0
node/4557992191,4557992191,node,,travel_agency,,009779851148898,http://www.ambitionhimalaya.com,,,,44601,,Dabali Marga,,info@ambitionhimalaya.com,,Ambition Himalaya Treks and Expeditions P Ltd,Su-Fr 10:00-05:00,,,,,,,,,,,,,,,,,,,,,,,,,,,,,,,,,,,,,,,,,,,,,,,,,,,,,,,,,,,,,,,,,,,,2016-12-17T03:55:29Z,1.0
node/4558000089,4558000089,node,,travel_agency,,009779851003754,https://www.nepalholidaytreks.com/,,,,44600,,Bhagwati Marg,,info@nepalholidaytreks.com,,Nepal Holiday Trek and Expedition P Ltd.,Su-Fr 10:00-05:00,,,,,,,,,,,,,,,,,,,,,,,,,,,,,,,,,,,,,,,,,,,,,,,,,,,,,,,,,,,,,,,,,,,,2019-03-27T21:26:10Z,1.0
node/4576562693,4576562693,node,,travel_agency,,,,,,,,,Hattisar Road,,,,Fly Emirates,,,,,,,,,,,,,,,,,,,,,,,,,,,,,,,,,,,,,,,,,,,,,,,,,,,,,,,,,,,,,,,,,,,,,2016-12-28T03:56:08Z,1.0
node/4578946390,4578946390,node,,travel_agency,,014412928,http://www.signaturenepal.com,,,,,,Amrit Marg,,info@signaturenepal.com,,Signature Holidays Pvt. Ltd.,Su-Fr 10:00-05:00,,,,,,,,,,,,,,,,,,,,,,,,,,,,,,,,,,,,,,,,,,,,,,,,,,,,,,,,,,,,,,,,,,,,2016-12-29T09:30:16Z,1.0
node/4585312089,4585312089,node,,travel_agency,,9851023291,http://www.randonnee.voyage,,,,,,Thahity;Jyatha Marga,,nepaltrekking@gmail.com,,,Mo-Su 10:00-17:00,,,,,,,,,,,,216,,,,,,agence francophone Nepal Trekking,,,,,,,,,,,,,,,,,,,,,,,,,,,,,,,,,,,,,,,,,,,,,,,,,,2017-01-02T12:49:35Z,1.0
node/4592077296,4592077296,node,,travel_agency,,016211841,,,,,,,,,,,Visa Guide Nepal,,,,,,,,,,,,,,,,,,,,,,,,,,,,,,,,,,,,,,,,,,,,,,,,,,,,,,,,,,,,,,,,,,,,,2017-01-06T07:16:29Z,1.0
node/4597234498,4597234498,node,,travel_agency,,+9779818008337,https://www.trekkingtrail.com/,,,,44600,,Bhagwan Bahal Marg,,info@trekkingtrail.com,,Trekking Trail Nepal P LTD,24/7,,,,,,,,,,,,,,,,,,,Trekking im Nepal,,,,,,,,,,,,,,,,,,,,,,,,,,,,,,,,,,,,,,,,,,,,,,,,,2019-07-31T11:19:55Z,1.0
node/4598057789,4598057789,node,,travel_agency,,01-5210265,http://www.yunatravels.com,,,,,,Opposite to KL Tower,,info@yunatravels.com,,Yuna Travels,Su-Fr 09:00-17:00,,,,,,,,,,,,,,,,,,,,,,,,,,,,,,,,,,,,,,,,,,,,,,,,,,,,,,,,,,,,,,,,,,,,2017-01-09T13:54:34Z,1.0
node/4665302990,4665302990,node,,travel_agency,,+97714700702,,,,,,,,,,,H.I.S Nepal Travels,,,,,,,,,,,,,,,,,,,,,,,,,,,,,,,,,,,,,,,,,,,,,,,,,,,,,,,,,,,,,,,,,,,,,2017-02-05T13:08:18Z,1.0
node/4682716890,4682716890,node,,travel_agency,,4230338,http://www.pupiltravel.com,,,,,,Nisthananda marg,,info@pupiltravel.com,,Pupil Travel & Tours,"Su-Fr 09:00-18:00; Sa 09:00-09:00, 14:00-18:00",,,,,,,,,,,,10,,,,,,,,,,,,,,,,,,,,,,,,,,,,,,,,,,,,,,,,,,,,,,,,,,,,,,,,2017-02-13T04:48:16Z,1.0
node/4693249089,4693249089,node,,travel_agency,,9803037232,,,,,,,Pingala Marga,,iktravel4@gmail.com,,"Gaushala,pinglasthan",Su-Fr 09:00-18:00,,,,,,,,,,,,,,,,,,,,,,,,,,,,,,,,,,,,,,,,,,,,,,,,,,,,,,,,,,,,,,,,,,,,2017-02-19T08:59:33Z,1.0
node/4699474295,4699474295,node,,travel_agency,,014228024,,,,,,,,,granditravels@gmail.com,,Grandi travels and tours pvt ltd,,,,,,,,,,,,,,,,,,,,,,,,,,,,,,,,,,,,,,,,,,,,,,,,,,,,,,,,,,,,,,,,,,,,,2017-02-22T16:32:36Z,1.0
node/4701294589,4701294589,node,,travel_agency,,014228024,,,,,,,Nisthananda marg,,granditravels@gmail.com,,Grandi travels and tours pvt ltd,,,,,,,,,,,,,,,,,,,,,,,,,,,,,,,,,,,,,,,,,,,,,,,,,,,,,,,,,,,,,,,,,,,,,2017-02-23T12:05:25Z,1.0
node/4713069891,4713069891,node,,travel_agency,,014215914,http://www.hillsidetravel.com.np,,,,,,Taha Galli,,hari.hillside@gmail.com,,Sundhara,Su-Fr 9:00-5:30,,,,,,,,,,,,,,,,,,,,,,,,,,,,,,,,,,,,,,,,,,,,,,,,,,,,,,,,,,,,,,,,,,,,2017-03-02T10:21:14Z,1.0
node/4733195525,4733195525,node,,travel_agency,,014271455,,,,,,,Ring Road,,transportpoonam@gmail.com,,Poonam Transport,Su-Fr 09:00-20:00,,,,,,,,,,,,,,,,,,,,,,,,,,,,,,,,,,,,,,,,,,,,,,,,,,,,,,,,,,,,,,,,,,,,2017-03-14T02:13:33Z,1.0
node/4743115126,4743115126,node,,travel_agency,,014433886,http://www.thamserku.com,,,,44600,,Bal Mandir Road,,info@thamserku.com,,Thamserku Trekking,Su-Fr 09:00-17:00,,,,,,,,,,,,,,,,,,,,,,,,,,,,,,,,,,,,,,,,,,,,,,,,,,,,,,,,,,,,,,,,,,,,2017-03-19T14:21:52Z,1.0
node/4748482647,4748482647,node,Trekking & Tour for Fair Tourism,travel_agency,,,,,Kathmandu,,,,J.P. Road,,,,,,,,,,,,,,,,,,,,,,,,,,,,,,,,,,,,,,,,,,,,,,,,,,,,,,,,,,,,,,,,,,,,,,,,,2017-03-22T09:31:15Z,1.0
node/4749219825,4749219825,node,,travel_agency,,9841457185,,,,,44700,,bagdole,,,,Namaste Nepal tours and travels Pvt ltd,,,,,,,,,,,,,,,,,,,,,,,,,,,,,,,,,,,,,,,,,,,,,,,,,,,,,,,,,,,,,,,,,,,,,2017-03-22T17:39:42Z,1.0
node/4757491922,4757491922,node,,travel_agency,,,,,,,,,,,,,Authentic Adventures,,,,,,,,,,,,,,,,,,,,,,,,,,,,,,,,,,,,,,,,,,,,,,,,,,,,,,,,,,,,,,,,,,,,,2017-03-27T07:32:45Z,1.0
node/4757492021,4757492021,node,,travel_agency,,,,,,,,,,,,,Himchuli Travel,,,,,,,,,,,,,,,,,,,,,,,,,,,,,,,,,,,,,,,,,,,,,,,,,,,,,,,,,,,,,,,,,,,,,2017-03-27T07:32:45Z,1.0
node/4757530324,4757530324,node,,travel_agency,,,,,,,,,,,,,Brilliant Tours & Travel,,,,,,,,,,,,,,,,,,,,,,,,,,,,,,,,,,,,,,,,,,,,,,,,,,,,,,,,,,,,,,,,,,,,,2017-03-27T08:19:57Z,1.0
node/4763638622,4763638622,node,,travel_agency,,014444618,http://nepalraft.com,,,,,,,,info@nepalraft.com,,River Fun Beach Resort,Su-Fr 09:00-17:00,,,,,,,,,,,,,,,,,,,,,,,,,,,,,,,,,,,,,,,,,,,,,,,,,,,,,,,,,,,,,,,,,,,,2017-03-30T07:30:06Z,1.0
node/4765894221,4765894221,node,Masti Nepal Travel and Tour,travel_agency,,,,,,,,,,,,,,,,,,,,,,,,,,,,,,,,,,,,,,,,,,,,,,,,,,,,,,,,,,,,,,,,,,,,,,,,,,,,,,,,,,2020-03-10T08:05:45Z,1.0
node/4767238845,4767238845,node,Bon,travel_agency,,,,,,,,,,,,,,,,,,,,,,,,,,,,,,,,,,,,,,,,,,,,,,,,,,,,,,,,,,,,,,,,,,,,,,,,,,,,,,,,,,2017-05-24T08:30:46Z,1.0
node/4767238846,4767238846,node,Regency,travel_agency,,,,,,,,,,,,,,,,,,,,,,,,,,,,,,,,,,,,,,,,,,,,,,,,,,,,,,,,,,,,,,,,,,,,,,,,,,,,,,,,,,2017-05-24T08:30:30Z,1.0
node/4770910422,4770910422,node,,travel_agency,,,,,,,,,,,,,Bold,,,,,,,,,,,,,,,,,,,,,,,,,,,,,,,,,,,,,,,,,,,,,,,,,,,,,,,,,,,,,,,,,,,,,2017-04-02T12:36:50Z,1.0
node/4773036421,4773036421,node,,travel_agency,,014364083,https://archaicnepal.com/,,Kathmandu,,44600,,Paknajol,,info@archaicnepal.com,,Archaic Nepal,,,,,,,,,,,,,,,,,,,,,Hiking | Trekking | Climbing | Adventure Travel ,yes,yes,yes,yes,yes,,,,,,,,,,,,,,,,,,,,,,,,,,,,,,,,,,,,,,,,,,,2019-03-27T21:26:06Z,1.0
node/4776183521,4776183521,node,,travel_agency,,,,,,,,,Ring Road,,,,Satanchuli Travels,,,,,,,,,,,,,,,,,,,,,,,,,,,,,,,,,,,,,,,,,,,,,,,,,,,,,,,,,,,,,,,,,,,,,2017-04-05T06:16:46Z,1.0
node/4778792523,4778792523,node,,travel_agency,,014478824,http://www.sampadaoverseas.com.np,,,,,,Surya Bikram Gyawali Marga,,radha.sampada2016@gmail.com,,Sampada Overseas Private Limited,Su-Fr 10:00-17:00,,,,,,,,,,,,,,,,,,,,,,,,,,,,,,,,,,,,,,,,,,,,,,,,,,,,,,,,,,,,,,,,,,,,2017-04-06T12:19:52Z,1.0
node/4786281937,4786281937,node,,travel_agency,,+97714412701,http://www.apihimal.com,,,,,,,,trek@Apihimal.com,,Api Himal treks,,,,,,,,,,,,,,,,,,,,,,,,,,,,,,,,,,,,,,,,,,,,,,,,,,,,,,,,,,,,,,,,,,,,,2018-11-28T10:59:17Z,1.0
node/4787071471,4787071471,node,Lama Treks & Expedition (P). Ltd.,travel_agency,,+9779851079055,http://trekkingandtournepal.com,,Kathmandu,NP,,,Rayamajhi Marga,,,,,,,,,,,,,,,,,,,,,,,,,,,,,,,,,,,,,,,,,,,,,,,,,,,,,,,,,,,,,,,,,,,,,,,,,2018-03-13T14:47:55Z,1.0
node/4791010721,4791010721,node,Escape Planner Nepal,travel_agency,,9851164755,http://www.escapeplannernepal.com,,,,,,,,escapeplannernepal@gmail.com,,Escape Planner Nepal,,,,,,,,,,,,,,,,,,,,,,,,,,,,,,,,,,,,,,,,,,,,,,,,,,,,,,,,,,,,,,,,,,,,,2017-04-21T11:43:18Z,1.0
node/4792838122,4792838122,node,,travel_agency,,97714385358,http://www.adventureteamnepal.com,,,,21775,,Samakhusi Marg,,adventureteamnepal@gmail.com,,Adventure Team,24/7,,,,,,,,,,,,,,,,,,,,,,,,,,,,,,,,,,,,,,,,,,,,,,,,,,,,,,,,,,,,,,,,,,,,2017-04-14T07:04:33Z,1.0
node/4796393722,4796393722,node,,travel_agency,,,,,,,,,,,,,Fishtail garage,,,,,,,,,,,,,,,,,,,,,,,,,,,,,,,,,,,,,,,,,,,,,,,,,,,,,,,,,,,,,,,,,,,,,2017-04-16T10:19:00Z,1.0
node/4807282324,4807282324,node,,travel_agency,,,,,,,,,,,,,,,,,,,,,,,,,,,,,,,,,,,,,,,,,,,,,,,,,,,,,,,,,,,,,,,,,,,,,,,,,,,,,,,,,,2017-04-21T09:44:48Z,1.0
node/4825137324,4825137324,node,Nepal Mountain Trekkers,travel_agency,,014248254,http://www.nepalmountaintrekkers.com,,,,,,,,info@nepalmountaintrekkers.com,,Nepal Mountain Trekkers,,,,,,,,,,,,,,,,,,,,,,,,,,,,,,,,,,,,,,,,,,,,,,,,,,,,,,,,,,,,,,,,,,,,,2017-04-29T13:04:15Z,1.0
node/4840849123,4840849123,node,Adventure Specialist Travel,travel_agency,,015526376,http://www.astadventurenepal.com,,,,,,pulchowk to mangalbazar road,,ast@mail.com.np,,Adventure Specialist Travel,,,,,,,,,,,,,,,,,,,,,,,,,,,,,,,,,,,,,,,,,,,,,,,,,,,,,,,,,,,,,,,,,,,,,2020-10-17T06:27:29Z,1.0
node/4851462221,4851462221,node,,travel_agency,,+97714701022,http://www.sunnepaltreks.com,,,,,,Chaksibari Marg,,sunnepaltreks@gmail.com,,SUN NEPAL TREKS ( city office ),Mo-Su 09:30-18:00,,,,,,,,,,,,,,,,,,,,,,,,,,,,,,,,,,,,,,,,,,,,,,,,,,,,,,,,,,,,,,,,,,,,2017-05-13T11:47:29Z,1.0
node/4851759025,4851759025,node,AK Holidays,travel_agency,,,,,,,,,,,,,,,,,,,,,,,,,,,,,,,,,,,,,,,,,,,,,,,,,,,,,,,,,,,,,,,,,,,,,,,,,,,,,,,,,,2017-05-13T14:37:48Z,1.0
node/4855987223,4855987223,node,,travel_agency,,9841482294,https://www.soulhimalayatreks.com/,,,,+977,,,,soulhimalayatreks@gmail.com,,Soulhimayatreks&tours  Gokarnesowre municipality world No:15,,,,,,,,,,,,,,,,,,,,,,,,,,,,,,,,,,,,,,,,,,,,,,,,,,,,,,,,,,,,,,,,,,,,,2019-03-24T03:33:56Z,1.0
node/4869612021,4869612021,node,,travel_agency,,9849735167,http://www.destinationmanagementinc.com,,,,,,jyatha marg,,info@destinationmanagementinc.com,,Destination Management Inc,24/7,,,,,,,,,,,,,,,,,,,,,,,,,,,,,,,,,,,,,,,,,,,,,,,,,,,,,,,,,,,,,,,,,,,,2017-05-22T10:36:51Z,1.0
node/4870414472,4870414472,node,Bhole Baba Travels,travel_agency,,+977 1-4465572,www.bholebabatravels.com,,Kathmandu,,44600,,Ring Road,,,,,,,,,,,,,,,,,,,,,,,,,,,,,,,,,,,,,,,,,,,,,,,,,,,,,,,,,,,,,,,,,,,,,,,,,2017-05-22T18:50:06Z,1.0
node/4872141421,4872141421,node,,travel_agency,,009779851142522,http://www.destinationunlimited.com.np,,,,44600,,Bhagwati Marg,,destinationunlimitedtreks@gmail.com,,Destination Unlimited treks,10:00-19:00,,,,,,,,,,,,,,,,,,,,,,,,,,,,,,,,,,,,,,,,,,,,,,,,,,,,,,,,,,,,,,,,,,,,2017-05-23T13:23:32Z,1.0
node/4873454441,4873454441,node,asian international travel and tours pvt ltd,travel_agency,,,,,,,,,,,,,,,,,,,,,,,,,,,,,,,,,,,,,,,,,,,,,,,,,,,,,,,,,,,,,,,,,,,,,,,,,,,,,,,,,,2017-06-07T06:06:35Z,1.0
node/4877151022,4877151022,node,,travel_agency,,9779841235937,https://www.mytravelmakers.com/,,,,,,Amrit Marg,,info@mytravelmakers.com,,Travel Maker South Asia,Mo-Su 08:00-20:00,,,,,,,,,,,,,,,,,,,,,,,,,,,,,,,,,,,,,,,,,,,,,,,,,,,,,,,,,,,,,,,,,,,,2019-03-27T21:26:58Z,1.0
node/4878298123,4878298123,node,,travel_agency,,014223280,,,,,,,New Road,,,,SUMEGH Tours and Travel Pvt Ltd,,,,,,,,,,,,,,,,,,,,,,,,,,,,,,,,,,,,,,,,,,,,,,,,,,,,,,,,,,,,,,,,,,,,,2017-05-26T11:15:22Z,1.0
node/4878349325,4878349325,node,Personal Journeys Travels & Tours Pvt Ltd,travel_agency,,,http://www.personaljourneys.com.np,,Kathmandu,,44600,,Lazimpath Road,,info@personaljourneys.com.np,,Personal Journeys Travels,,,,,,,,,,,,,829,,,,,,,,,,,,,,,,,,,,,,,,,,,,,,,,,,,,,,,,,,,,,,,,,,,,,,,,2018-01-26T03:28:33Z,1.0
node/4878565921,4878565921,node,,travel_agency,,9841482294,https://www.soulhimalayatreks.com/,,,,+977,,skundarijal,,soulhimalayatreks@gmail.com,,Gokarnesowre municipality world no 15 beshi gow,,,,,,,,,,,,,,,,,,,,,,,,,,,,,,,,,,,,,,,,,,,,,,,,,,,,,,,,,,,,,,,,,,,,,2019-03-17T18:08:06Z,1.0
node/4883571822,4883571822,node,World Trade Travel & Tours,travel_agency,,014423984,http://worldtradetravelnepal.com,,,,,,Hattisar Road,,wtt@mail.com.np,,World Trade Travel & Tours,,,,,,,,,,,,,,,,,,,,,,,,,,,,,,,,,,,,,,,,,,,,,,,,,,,,,,,,,,,,,,,,,,,,,2017-05-29T12:52:14Z,1.0
node/4902699922,4902699922,node,,travel_agency,,,,,,,,,,,,,expedition tours,,,,,,,,,,,,,,,,,,,,,,,,,,,,,,,,,,,,,,,,,,,,,,,,,,,,,,,,,,,,,,,,,,,,,2017-06-07T20:03:19Z,1.0
node/4931988231,4931988231,node,Basil Travel and Tour,travel_agency,,,,,,,,,,,,,,,,,,,,,,,,,,,,,,,,,,,,,,,,,,,,,,,,,,,,,,,,,,,,,,,,,,,,,,,,,,,,,,,,,,2017-06-23T08:21:46Z,1.0
node/4943400522,4943400522,node,,travel_agency,,014700012,https://treknepal.com/,,,,46000,,Sagarmata Complex Street,,sales@treknepal.com,,Trek Nepal Int'l,Mo-Su 08:00-20:05,,,,,,,,,,,,45251,,,,,,,,,,,,,,,,,,,,,,,,,,,,,,,,,,,,,,,,,,,,,,,,,,,,,,,,2019-03-27T21:26:06Z,1.0
node/4943656826,4943656826,node,,travel_agency,,,,,,,,,,,,,Tailors Point Headquarter,,,,,,,,,,,,,,,,,,,,,,,,,,,,,,,,,,,,,,,,,,,,,,,,,,,,,,,,,,,,,,,,,,,,,2019-07-22T11:09:05Z,1.0
node/4961425622,4961425622,node,Moonlake Travels & Tours,travel_agency,,0155331111,http://www.moonlaketravels.com,,,,,,,,info@moonlaketravels.com,,Moonlake Travels & Tours,,,,,,,,,,,,,,,,,,,,,,,,,,,,,,,,,,,,,,,,,,,,,,,,,,,,,,,,,,,,,,,,,,,,,2017-07-10T08:55:14Z,1.0
node/4984687822,4984687822,node,,travel_agency,,+97714215914,http://www.hillsidetravel.com.np,,,,,,Taha Galli,,hari.hillside@gmail.com,,Hillside Travel and Tours,"Mo-Su 09:00-13:00, 14:00-18:00",,,,,,,,,,,,,,,,,,,,,,,,,,,,,,,,,,,,,,,,,,,,,,,,,,,,,,,,,,,,,,,,,,,,2017-07-21T10:48:58Z,1.0
node/4984759223,4984759223,node,,travel_agency,,+9779843310997,,,,,,,Gangalal Marg,,,,尼泊尔旅行 Office,Mo-Su 09:00-20:00,,,,,,,,,,,,2,,,,,,,,,,,,,,,,,,,,,,,,,,,,,,,,,,,,,,,,,,,,,,,,,,,,,,,,2017-07-21T12:00:40Z,1.0
node/5027656721,5027656721,node,,travel_agency,,,,,,,,,,,,,Air Arabia,,,,,,,,,,,,,,,,,,,,,,,,,,,,,,,,,,,,,,,,,,,,,,,,,,,,,,,,,,,,,,,,,,,,,2017-08-11T05:06:02Z,1.0
node/5027656722,5027656722,node,,travel_agency,,,,,,,,,,,,,Air Arabia,,,,,,,,,,,,,,,,,,,,,,,,,,,,,,,,,,,,,,,,,,,,,,,,,,,,,,,,,,,,,,,,,,,,,2020-02-03T08:25:16Z,1.0
node/5053561621,5053561621,node,,travel_agency,,+977 9849754745,http://www.trail-in-nepal.com,,,,44600,,Paknajol,,pyreneesnepaltrek@gmail.com,,Pyrénées Nepal Trek and Trail PVT ltd,,,,,,,,,,,,,ward 16,,,,,,Pyrénées Nepal Trek and Trail PVT ltd,,,,,,,,,,,,,,,,,,,,,,,,,,,,,,,,,,,,,,,,,,,,,,,,,,2017-08-23T12:46:17Z,1.0
node/5069193223,5069193223,node,Subidha Travel,travel_agency,,014428810,,,,,,,Pashupati Marga,,travelsubidha@gmail.com,,Subidha Travel,,,,,,,,,,,,,,,,,,,,,,,,,,,,,,,,,,,,,,,,,,,,,,,,,,,,,,,,,,,,,,,,,,,,,2017-08-30T13:29:24Z,1.0
node/5070890221,5070890221,node,,travel_agency,,+97714700872,http://www.swissatravel.com,,,,4600,,Chaksibari Marg,,info@swissatravel.com,,yellow swissa,Mo-Su 08:00-21:00,,,,,,,,,,,,,,,,,,,,,,,,,,,,,,,,,,,,,,,,,,,,,,,,,,,,,,,,,,,,,,,,,,,,2017-08-31T07:16:52Z,1.0
node/5074932722,5074932722,node,,travel_agency,,,,,,,,,,,,,,,,,,,,,,,,,,,,,,,,,,,,,,,,,,,,,,,,,,,,,,,,,,,,,,,,,,,,,,,,,,,,,,,,,,2017-09-02T08:20:41Z,1.0
node/5118506121,5118506121,node,MOUNT TRAILS,travel_agency,,+977 1 4215029,https://www.mounttrails.com/,company,,,2415029,,Kwabahal,,info@mounttrails.com,,MOUNT TRAILS,,,,,,,,,,,,,,,,,,,,,,,,,,,マウント トレイルズ,,,,,,,,,,,,,,,,,,,,,,,,,,,,,,,,,,,,,,,,,,2019-03-27T21:26:38Z,1.0
node/5121130136,5121130136,node,,travel_agency,,,,,,,,,Gairidhara Road,,,,Swotah Travels,,,,,,,,,,,,,,,,,,,,,,,,,,,,,,,,,,,,,,,,,,,,,,,,,,,,,,,,,,,,,,,,,,,,,2017-09-22T04:47:25Z,1.0
node/5142567926,5142567926,node,,travel_agency,,+9779851063834,http://www.himalayanlittlebuddha.com,,,,,,,,travelinnepal101@gmail.com,,Himalayan Little Buddha Treks & Expedition,07:00 - 22:00,,,,,,,,,,,,,,,,,,,,,,,,,,,,,,,,,,,,,,,,,,,,,,,,,,,,,,,,,,,,,,,,,,,,2017-10-02T08:08:24Z,1.0
node/5149685322,5149685322,node,,travel_agency,,,http://nagarkotguide.com,,,,,,,,,,nagarkotguide.com,,,,,,,,,,,,,,,,,,,,,,,,,,,,,,,,,,,,,,,,,,,,,,,,,,,,,,,,,,,,,,,,,,,,,2017-10-05T12:52:52Z,1.0
node/5150906823,5150906823,node,,travel_agency,,015093054,,,,,44600,,Arniko Raj Marga,,bhaktapurholidays@gmail.com,,Bhaktapur Holidays,Mo-Su 08:00-19:00,,,,,,,,,,,,,,,,,,,,,,,,,,,,,,,,,,,,,,,,,,,,,,,,,,,,,,,,,,,,,,,,,,,,2017-10-06T03:21:34Z,1.0
node/5168326121,5168326121,node,,travel_agency,,9779851033819,https://www.boundlessadventure.com/,,,,,,Paknajol,,,,,,,,,,,,,,,,,,,,,,,,,,,,,,,,,,,,,,,,,,,,,,,,,,,,,,,,,,,,,,,,,,,,,,,,,2019-03-17T18:08:05Z,1.0
node/5168448823,5168448823,node,,travel_agency,,+9779851033819,https://www.boundlessadventure.com/,,,,44600,,"Kushlechaur, kaldhara marga 24",,infi@boundlessadventure.com,,Boundless Adventure (p)Ltd,Mo-Su 07:00-21:00,,,,,,,,,,,,24,,,,,,,,,,,,,,,,,,,,,,,,,,,,,,,,,,,,,,,,,,,,,,,,,,,,,,,,2019-03-27T21:26:32Z,1.0
node/5174857026,5174857026,node,Trekking Team Pvt.Ltd,travel_agency,,+977 1 4252327,https://www.trekkingteam.com/,,Kathmandu,,44600,,J.P. School Road,,info@trekkingteam.com,,,Su-Fr 09:00-17:00,,,,,,,,yes,,,,,,,,,,,,,,,,,,,1991,,,,,,,,,,,,,,,,,,,,,,,,,,,,,,,,,,,,,,,,,2019-03-27T21:25:53Z,1.0
node/5175700022,5175700022,node,,travel_agency,,00977 1 4252327,https://www.trekkingteam.com/,,,,44600,,J.P. School Road,,info@trekkingteam.com,,Trekking Team Pvt.Ltd,Su-Fr 09:00-17:00,,,,,,,,,,,,0,,,,,,,,,,,,,,,,,,,,,,,,,,,,,,,,,,,,,,,,,,,,,,,,,,,,,,,,2019-03-27T21:26:43Z,1.0
node/5203421723,5203421723,node,,travel_agency,,01-4386667,http://www.gooddaynepalexcursion.com,,,,,,Galkopakha marg,,gooddaynepalexcursion@gmail.com,,Good Day Nepal Excursion,Mo-Su 09:00-19:00,,,,,,,,,,,,,,,,,,,,,,,,,,,,,,,,,,,,,,,,,,,,,,,,,,,,,,,,,,,,,,,,,,,,2017-11-01T03:07:22Z,1.0
node/5224679221,5224679221,node,,travel_agency,,9851223806,https://www.wadventuresnepal.com/,,,,44601,,Chaksibari Marg,,wadventuresnepal@gmail.com,,W Adventures Pvt. Ltd.,Mo-Su 09:00-18:00,,,,,,,,,,,,,,,,,,,,,,,,,,,,,,,,,,,,,,,,,,,,,,,,,,,,,,,,,,,,,,,,,,,,2019-03-27T21:27:09Z,1.0
node/5225728421,5225728421,node,,travel_agency,,,,,,,,,,,,,Elephant tours,,,,,,,,,,,,,,,,,,,,,,,,,,,エレファントツアーズ(日本語可),,,,,,,,,,,,,,,,,,,,,,,,,,,,,,,,,,,,,,,,,,2017-11-13T02:59:18Z,1.0
node/5230700721,5230700721,node,Trekking,travel_agency,,9808797787,https://www.wadventuresnepal.com/,,Thamel,,44600,,Chaksibari Marg,,wadventuresnepal@gmail.com,,Trekking In Nepal,24/7,,,,,,,,,,,,,,,,,,,,,yes,yes,,,,,,yes,,,,,,,,,,,,,,,,,,,,,,,,,,,,,,,,,,,,,,,,2019-03-27T21:26:12Z,1.0
node/5231815022,5231815022,node,Mount Fuji Adventure,travel_agency,,,http://www.mtfujiadventure.com,,,,,,Tridevi Sadak,,,,,,,,,,,,,,,,,,,,,,,,,,,,,,,,,,,,,,,,,,,,,,,,,,,,,,,,,,,,,,,,,,,,,,,,,2017-11-16T03:23:13Z,1.0
node/5248593422,5248593422,node,,travel_agency,,+977-01-4700866,https://udnepal.com/,,,,4660,,Sagarmata Complex Street,,info@udnepal.com,,Ultimate Descents Nepal,Mo-Su 08:00-20:00,,,,,,,,,,,,,,,,,,,,,,,,,,,,,,,,,,,,,,,,,,,,,,,,,,,,,,,,,,,,,,,,,,,,2019-03-27T21:25:57Z,1.0
node/5249768922,5249768922,node,,travel_agency,,97714227180,http://www.spacecraft.com.np,,,,44600,,Ashok Galli,,spacecraft.trv75@gmail.com,,Space Craft Travels & Tours,Mo-Su 08:30-20:00,,,,,,,,,,,,,,,,,,,,,,,,,,,,,,,,,,,,,,,,,,,,,,,,,,,,,,,,,,,,,,,,,,,,2017-11-27T04:24:25Z,1.0
node/5274753222,5274753222,node,,travel_agency,,+977014474810,,,,,,,Battisputali road,,riaasritravels@gmail.com,,Riaasri Travels and Tours,,,,,,,,,,,,,,,,,,Riaasri Travels and Tours,,,,,,,,,,,,,,,,,,,,,,,,,,,,,,,,,,,,,,,,,,,,,,,,,,,2018-11-28T08:59:06Z,1.0
node/5284268623,5284268623,node,,travel_agency,,491-6627,http://www.himalste.com,,,,13958,,Phulbari street,,himalste@ymail.com,,Himal Sonam Treks and Expedition Pvt. Ltd,"Mo-Su 09:00-09:00, 18:00-18:00",,,,,,,,,,,,383,,,,,,,,,,,,,,,,,,,,,,,,,,,,,,,,,,,,,,,,,,,,,,,,,,,,,,,,2018-01-14T03:23:54Z,1.0
node/5285140724,5285140724,node,,travel_agency,,,,,,,,,,,,,Top of the world Adventure,,,,,,,,,,,,,,,,,,,,,,,,,,,,,,,,,,,,,,,,,,,,,,,,,,,,,,,,,,,,,,,,,,,,,2017-12-15T03:44:57Z,1.0
node/5316325223,5316325223,node,,travel_agency,,+9779851031957,https://www.himalayanjoy.com/,,,,,,Apsara Marg,,info@himalayanjoy.com,,Himalayan Joy Adventure Pvt. Ltd,Su-Fr 06:00-21:00; Sa 00:00-24:00,,,,,,,,,,,,13-12,,,,,,,,,,,,,,,,,,,,,,,,,,,,,,,,,,,,,,,,,,,,,,,,,,,,,,,,2019-03-27T21:26:36Z,1.0
node/5316360322,5316360322,node,,travel_agency,,+9779851031957,https://www.himalayanjoy.com/,,,,,,"Apasara Marg, Lazimpat, Kathmandu",,info@himalayanjoy.com,,Himalayan Joy Adventure,24/7,,,,,,,,,,,,,,,,,,,,,,,,,,,,,,,,,,,,,,,,,,,,,,,,,,,,,,,,,,,,,,,,,,,,2019-03-27T21:27:12Z,1.0
node/5365505121,5365505121,node,,travel_agency,,,,,,,,,,,,,Discovery world trekking,24/7,,,,,,,,,,,,,,,,,,,,,,,,,,,,,,,,,,,,,,,,,,,,,,,,,,,,,,,,,,,,,,,,,,,,2018-01-27T08:59:47Z,1.0
node/5377831922,5377831922,node,,travel_agency,,,https://www.nepalkaze.com/,,,,,,,,info@nepalkaze.com,,Nepal Kaze Travel Pvt. Ltd.,Su-Fr 10:00-17:30,,,,,,,,,,,,,,,,,,,,,,,,,,,,,,,,,,,,,,,,,,,,,,,,,,,,,,,,,,,,,,,,,,,,2019-03-27T21:27:11Z,1.0
node/5470638721,5470638721,node,,travel_agency,,+977-1-4417572,http://www.outdoor-exp.com,,,,,,"Nilgiri Marg, Gyaneshowr, Kathmandu, Nepal",,info@outdoor-exp.com,,Outdoor Expeditions Pvt. Ltd.,Su-Fr 08:00-18:00,,,,,,,,,,,,,,,,,,,,,,,,,,,,,,,,,,,,,,,,,,,,,,,,,,,,,,,,,,,,,,,,,,,,2018-03-11T10:16:17Z,1.0
node/5474153521,5474153521,node,Tribeni Trek,travel_agency,,+9779851024732,http://www.tribenitrek.com,,,,,,,,alex@tribenitrek.com,,Tribeni Trek,Mo-Fr 10:00-17:00,,,,,,,,,,,,,,,,,,Tribeni Trek,,,,,,,,,,,,,,,,,,,,,,,,,,,,,,,,,,,,,,,,,,,,,,,,,,2019-10-07T13:13:16Z,1.0
node/5482444266,5482444266,node,GAPNepal,travel_agency,,,gapyearnepal.com,,Nayabazzar,,4600,,Meiphi,,info@gapyearnepal.com,,GAPNepal,,,,,,,,,,,,,16,,,,,,,,,,,,,,,,,GAPNepal,,,,,,,,,,,,,,,,,,,,,,,,,,,,,,,,,,,,,,,2018-03-16T10:41:51Z,1.0
node/5486618521,5486618521,node,,travel_agency,,+9779841235461,http://www.khumbuadventures.com,,Green Hill CIty,,44600,,Mulpani Adhikari Tole,,hiking.guide@gmail.com,,Khumbu Adventures Trekking & Exp. Pvt. Ltd.,Su-Fr 09:00-18:00,,,,,,,,,,,,House no. 428,,,,,,,,,,,,,,,,,,,,,,,,,,,,,,,,,,,,,,,,,,,,,,,,,,,,,,,,2018-03-25T07:42:52Z,1.0
node/5489955821,5489955821,node,,travel_agency,,9841392186,https://www.greenvalleynepaltreks.com/,,,,,,Thamel Marg,,arjunpandey2011@gmail.com,,Green Valley Nepal Treks & Research Hub,Mo-Su 09:00-18:00,,,,,,,,,,,,,,,,,,,,,,,,,,,,,,,,,,,,,,,,,,,,,,,,,,,,,,,,,,,,,,,,,,,,2019-03-27T21:26:39Z,1.0
node/5491230138,5491230138,node,Himalayan Sewa Expedition and Trekking (P) LTD,travel_agency,,,https://himalayansewa.com/,,Kathmandu,NP,,,Thamel Marg,,,,,,,,,,,,,,,,,,,,,,,,,,,,,,,,,,,https://www.facebook.com/Himalayan-sewa-expedition-and-trekking-924608047676080/,,,,,,,,,,,,,,,,,,,,,,,,,,,,,,,,,,,,,,2018-03-20T13:14:57Z,1.0
node/5502836921,5502836921,node,,travel_agency,,014354695,http://imagetreks.com,,,,,,Sorakhutte Chowk,,sonampakhrin1@outlook.com,,Image Treks,Su-Fr 09:00-18:00,,,,,,,,,,,,,,,,,,,,,,,,,,,,,,,,,,,,,,,,,,,,,,,,,,,,,,,,,,,,,,,,,,,,2018-03-25T10:59:25Z,1.0
node/5510780322,5510780322,node,,travel_agency,,97715013564,http://www.travelmakersnepal.com,,,,44600,,Jhamel Road,,bthapa@travelmakersnepal.com,,Travel Makers Nepal Pvt. Ltd.,Su-Fr 09:00-05:30,,,,,,,,,,,,,,,,,,,,,,,,,,,,,,,,,,,,,,,,,,,,,,,,,,,,,,,,,,,,,,,,,,,,2018-03-28T10:30:01Z,1.0
node/5539988156,5539988156,node,,travel_agency,,+977-9841284785,https://www.sherpaholidays.net/,,,,977,,Golfutar Residential Road,,info@sherpaholidays.net,,Sherpa Holidays,,,,,,,,,,,,,,,,,,,,,,,,,,,,,,,,,,,,,,,,,,,,,,,,,,,,,,,,,,,,,,,,,,,,,2019-03-24T03:33:58Z,1.0
node/5580803021,5580803021,node,,travel_agency,,+9779841482294,https://www.soulhimalayatreks.com/,,,,44600,,sundarijal road,,soulhimalayatreks@Gmail.com,,Soul Himalaya Treks and Tours Pvt.Ltd.,24/7,,,,,,,,,,,,21,,,,,,,,,,,,,,,,,,,,,,,,,,,,,,,,,,,,,,,,,,,,,,,,,,,,,,,,2019-03-20T20:15:00Z,1.0
node/5625057721,5625057721,node,,travel_agency,,,,,,,,,,,,,Rosha travels and tours,,,,,,,,,,,,,,,,,,,,,,,,,,,,,,,,,,,,,,,,,,,,,,,,,,,,,,,,,,,,,,,,,,,,,2018-05-17T17:33:32Z,1.0
node/5724791521,5724791521,node,,travel_agency,,,,,,,,,,,,,Manohara Bridge,,,,,,,,,,,,,,,,,,,,,,,,,,,,,,,,,,,,,,,,,,,,,,,,,,,,,,,,,,,,,,,,,,,,,2018-06-28T06:21:46Z,1.0
node/5810129253,5810129253,node,,travel_agency,,+9779841454203,http://worldhimalayandestination.com,,,,44600,,Lekhnath Sadak,,worldhimalayandestination@gmail.com,,Tavel agency,Mo-Su 09:00-18:00,,,,,,,,,,,,487/28,,,,,,,,,,,,,,,,,,,,,,,,,,,,,,,,,,,,,,,,,,,,,,,,,,,,,,,,2018-08-09T09:11:04Z,1.0
node/5811909453,5811909453,node,Doko Travels and Tours Pvt LTD,travel_agency,,014351463,,,,,977,,Tripura Sundari Marg,,dokotravels@gmail.com,,Doko Travels and Tours Pvt LTD,Su-Fr 07:00-19:00,,,,,,,,,,,,,,,,,,,,,,,,,,,,,,,,,,,,,,,,,,,,,,,,,,,,,,,,,,,,,,,,,,,,2018-08-09T12:41:29Z,1.0
node/5812772993,5812772993,node,,travel_agency,,,,,,,44600,,Lekhnath Sadak,,,,Lekhanath Sadak,,,,,,,,,,,,,487/28,,,,,,,,,,,,,,,,,,,,,,,,,,,,,,,,,,,,,,,,,,,,,,,,,,,,,,,,2018-08-06T16:37:15Z,1.0
node/5819991853,5819991853,node,,travel_agency,,+9779841454203,http://www.worldhimalayandestination.com,,,,44600,,Paknajol Marg,,worldhimalayandestination@gmail.com,,World Himalayan Destination pvt ltd,Mo-Su 09:00-18:00,,,,,,,,,,,,487/28,,,,,,,,,,,,,,,,,,,,,,,,,,,,,,,,,,,,,,,,,,,,,,,,,,,,,,,,2019-02-07T14:27:02Z,1.0
node/5862671586,5862671586,node,,travel_agency,,,,,,,,,,,,,Diyo travels..,,,,,,,,,,,,,,,,,,,,,,,,,,,,,,,,,,,,,,,,,,,,,,,,,,,,,,,,,,,,,,,,,,,,,2018-08-28T05:47:00Z,1.0
node/5909455365,5909455365,node,Orbit International Travels,travel_agency,,,,,,,,,,,,,,,,,,,,,,,,,,,,,,,,,,,,,,,,,,,,,,,,,,,,,,,,,,,,,,,,,,,,,,,,,,,,,,,,,,2018-09-16T09:15:33Z,1.0
node/5909455372,5909455372,node,Orient Paradise Tours and Travels,travel_agency,,,,,,,,,,,,,,,,,,,,,,,,,,,,,,,,,,,,,,,,,,,,,,,,,,,,,,,,,,,,,,,,,,,,,,,,,,,,,,,,,,2018-09-16T09:15:33Z,1.0
node/5909904488,5909904488,node,,travel_agency,,9851554203,http://www.worldhimalayandestination.com,,,,44600,,Paknajol Kaldhara Marg,,worldhimalayandestination@gmail.com,,,,,,,,,,,,,,,2432,,,,,,,,,,,,,,,,,,,,,,,,,,,,,,,,,,,,,,,,,,,,,,,,,,,,,,,,2018-09-16T14:56:51Z,1.0
node/5992911186,5992911186,node,,travel_agency,,,,,,,,,,,,,Plan Himalaya,,,,,,,,,,,,,,,,,,Plan Himalaya,,,,,,,,,,,,,,,,,,,,,,,,,,,,,,,,,,,,,,,,,,,,,,,,,,,2018-10-17T11:14:08Z,1.0
node/5999555881,5999555881,node,,travel_agency,,,,,,,,,,,,,Nepal Experienced Adventure Treks,,,,,,,,,,,,,,,,,,,,,,,,,,,,,,,,,,,,,,,,,,,,,,,,,,,,,,,,,,,,,,,,,,,,,2018-10-20T05:24:10Z,1.0
node/6009881385,6009881385,node,,travel_agency,,014413408,https://www.holidaystonepal.com/,,,,44600,,Lazimpat Road,,info@holidaystonepal.com,,Holidays to Nepal Pvt. Ltd.,Mo-Su 10:00-18:00,,,,,,,,,,,,,,,,,,,,,,,,,,,,,,,,,,,,,,,,,,,,,,,,,,,,,,,,,,,,,,,,,,,,2019-03-27T21:26:22Z,1.0
node/6015971685,6015971685,node,,travel_agency,,9841426784,http://www.panoramatrekking.com,,,,,,,,Sherpa.kusang@gmail.com,,Panorama Himalaya Trekking,24/7,,,,,,,,,,,,,,,,,,Panorama Himalaya Trek,,,,,,,,,,,,,,,,,,,,,,,,,,,,,,,,,,,,,,,,,,,,,,,,,,2018-10-26T18:03:11Z,1.0
node/6031122720,6031122720,node,Buddha Treks & Expedition P. Ltd.,travel_agency,,,,,,,,,,,,,,,,,,,,,,no,,,,,,,,,,,,,,,,,,,,,,,no,,,,,,,,,,,,,,,,,,,,,,,,,,,,,,,,,,,,,2018-11-02T03:25:01Z,1.0
node/6052378007,6052378007,node,socialtours @ HUB,travel_agency,,+9779801123401,www.socialtours.com,,Kathmandu,,44600,,Jyatha Street,,book@socialtours.com,,,Mo-Fr 10:00-17:00,,,,,,,,,socialtours pvt. ltd.,,,Market Mall,,,,,,,,"Sustainability certified company offering experiences in Nepal, Bhutan, Tibet and India. Offbeat specialists.

DIRECTIONS: when you arrive at the location, look up the building - the black portion is where we are on the first floor!",yes,yes,,,,,2002,,,,,yes,information,,,,,,,,,,,,,,,,,,,,,,,,,,,,,,,,,,,2018-11-11T09:26:13Z,1.0
node/6054240894,6054240894,node,,travel_agency,,,,,,,,,,,,,Ticket office,,,,,,,,,,,,,,,,,,,,,,,,,,,,,,,,,,,,,,,,,,,,,,,,,,,,,,,,,,,,,,,,,,,,,2018-11-12T08:31:22Z,1.0
node/6066400159,6066400159,node,,travel_agency,,,,,,,,,,,,,,,,,,,,,,no,,,,,,,,,,,,,,,,,,,,,,,no,,,,,,,,,,,,,,,,,,,,,,,,,,,,,,,,,,,,,2018-11-16T14:28:17Z,1.0
node/6078449187,6078449187,node,,travel_agency,,,,,,,,,,,,,Nepal Rafting Center,,,,,,,,,,,,,,,,,,,,,,,,,,,,,,,,,,,,,,,,,,,,,,,,,,,,,,,,,,,,,,,,,,,,,2018-11-21T08:30:52Z,1.0
node/6080296698,6080296698,node,,travel_agency,,,,,,,,,,,,,Trek,,,,,,,,,,,,,,,,,,,,,,,,,,,,,,,,,,,,,,,,,,,,,,,,,,,,,,,,,,,,,,,,,,,,,2018-11-21T16:48:27Z,1.0
node/6202901785,6202901785,node,,travel_agency,,+97714350244,https://www.pathfindertreks.com/,,,,44600,,Kushlechaur Marg,,info@pathfindertreks.com,,Pathfinder Treks,Mo-Su 07:00-19:00,,,,,,,,,,,,post box-5375,,,,,,,,,,,,,,,,,,,,,,,,,,,,,,,,,,,,,,,,,,,,,,,,,,,,,,,,2019-03-27T21:26:32Z,1.0
node/6235753285,6235753285,node,,travel_agency,,,https://www.businessclasstravels.com.np/,,,,,,Thirbam Sadak 3,,,,Business class Travels and Tour,,,,,,,,,,,,,,,,,,,,,,,,,,,,,,,,,,,,,,,,,,,,,,,,,,,,,,,,,,,,,,,,,,,,,2019-03-27T21:26:26Z,1.0
node/6263947085,6263947085,node,,travel_agency,,9841454203,http://www.worldhimalayandestination.com,,,,44600,,Kaldhara Marg,,worldhimalayandestination@gmail.com,,World Himalayan Destination Pvt ltd,Mo-Su 08:00-07:00,,,,,,,,,,,,,,,,,,,,,,,,,,,,,,,,,,,,,,,,,,,,,,,,,,,,,,,,,,,,,,,,,,,,2019-02-07T14:30:49Z,1.0
node/6297227688,6297227688,node,,travel_agency,,+97715546360,https://www.himalayajourney.com/,,,,,,Jhamel Road,,ashok@himalayajourney.com,,Himalaya Journey,Su-Fr 10:00-17:00,,,,,,,,,,,,,,,,,,,,,,,,,,,,,,,,,,,,,,,,,,,,,,,,,,,,,,,,,,,,,,,,,,,,2019-03-24T03:17:52Z,1.0
node/6372167185,6372167185,node,,travel_agency,,,,,,,,,,,,,Yellow Swissa Agency,,,,,,,,,,,,,,,,,,,,,,,,,,,,,,,,,,,,,,,,,,,,,,,,,,,,,,,,,,,,,,,,,,,,,2019-03-30T12:13:06Z,1.0
node/6399400885,6399400885,node,,travel_agency,,+977851031957,https://www.himalayanjoy.com/,,,,44600,,Chasundol Marg,,info@himalayanjoy.com,,Himalayan Joy Adventure,9:00-18:00,,,,,,,,,,,,,,,,,,,,,,,,,,,,,,,,,,,,,,,,,,,,,,,,,,,,,,,,,,,,,,,,,,,,2019-04-12T04:57:23Z,1.0
node/6436418786,6436418786,node,,travel_agency,,+9779841484556,http://www.bodhiadventures.com,,,,44600,,Kapan Marg,,info@bodhiadventures.com,,Bodhi Adventures Pvt. Ltd.,Su-Fr 00:00-24:00,,,,,,,,,,,,400,,,,,,,,,,,,,,,,,,,,,,,,,,,,,,,,,,,,,,,,,,,,,,,,,,,,,,,,2019-05-04T15:57:09Z,1.0
node/6456710989,6456710989,node,,travel_agency,,,,,,,,,,,info@auronepaltrek.com.np,,Auronepal Travel and Trek Pvt. Ltd.,,,,,,,,,,,,,,,,,,,,,,,,,,,,,,,,,,,,,,,,,,,,,,,,,,,,,,,,,,,,,,,,,,,,,2019-05-08T00:51:43Z,1.0
node/6475003686,6475003686,node,,travel_agency,,+977014701264,https://www.infonepaltrekking.com/,,,,46000,,Z Marg,,infonepaltrekkingguide@gmail.com,,Info Nepal Treks and Expedition Pvt.Ltd,Mo-Su 07:00-21:00,,,,,,,,,,,,58,,,,,,,,,,,,,,,,,,,,,,,,,,,,,,,,,,,,,,,,,,,,,,,,,,,,,,,,2019-05-15T10:20:30Z,1.0
node/6475057785,6475057785,node,,travel_agency,,+977014701264,https://manasluroundtreks.com/,,,,46000,,Z Marg,,infonepaltrekkingguide@gmail.com,,Manaslu Round Treks,Mo-Su 07:00-22:00,,,,,,,,,,,,58,,,,,,,,,,,,,,,,,,,,,,,,,,,,,,,,,,,,,,,,,,,,,,,,,,,,,,,,2019-05-26T14:57:41Z,1.0
node/6475057787,6475057787,node,,travel_agency,,+977014701692,https://www.magicexpeditiontravel.com/,,,,46000,,Z Marg,,magicexpeditiontour@gmail.com,,Magic Expedition & Tours Pvt.Ltd,Mo-Su 07:00-23:00,,,,,,,,,,,,58,,,,,,,,,,,,,,,,,,,,,,,,,,,,,,,,,,,,,,,,,,,,,,,,,,,,,,,,2019-05-15T10:25:27Z,1.0
node/6477686585,6477686585,node,,travel_agency,,+97714255477,http://www.trekandadventurenepal.com,,,,,,Thamel Marg,,info@trekandadventurenepal.com,,Trek & Adventure Nepal,Su-Fr 00:00-24:00,,,,,,,,,,,,,,,,,,,,,,,,,,,,,,,,,,,,,,,,,,,,,,,,,,,,,,,,,,,,,,,,,,,,2019-05-16T10:47:56Z,1.0
node/6508642985,6508642985,node,,travel_agency,,+977 9849762672,http://www.megamounttreks.com,,,,44600,,khawabhal Margha,,megamounttreks@gmail.com,,Mega Mount Trekking & Expedition Pvt. Ltd.,Mo-Su 09:00-18:00,,,,,,,,,,,,,,,,,,,,,,,,,,,,,,,,,,,,,,,,,,,,,,,,,,,,,,,,,,,,,,,,,,,,2019-05-29T11:26:31Z,1.0
node/6551304986,6551304986,node,,travel_agency,,+9779851129430,https://www.onelifeadventureteam.com/,,,,+977,,Jhamel Road,,onelifeadventurenepal@gmail.com,,One Life Adventure Team Pvt. Ltd,Su-Fr 09:00-17:00,,,,,,,,,,,,332,,,,,,,,,,,,,,,,,,,,,,,,,,,,,,,,,,,,,,,,,,,,,,,,,,,,,,,,2019-06-26T04:47:01Z,1.0
node/6665033885,6665033885,node,,travel_agency,,+97714700355,https://www.globaladventuretrekking.com/,,,,,,Chaksibari Marg,,gat@wlink.com.np,,global adventure trekking,,,,,,,,,,,,,,,,,,,,,,,,,,,,,,,,,,,,,,,,,,,,,,,,,,,,,,,,,,,,,,,,,,,,,2019-08-02T11:05:45Z,1.0
node/6810640185,6810640185,node,,travel_agency,,977-9851033769,https://orbitnepaladventure.com/,,,,,,Ashok Galli,,,,Orbit Nepal Adventure,24/7,,,,,,,,,,,,,,,,,,,,,,,,,,,,,,,,,,,,,,,,,,,,,,,,,,,,,,,,,,,,,,,,,,,,2019-09-20T04:33:35Z,1.0
node/6855686085,6855686085,node,,travel_agency,,+97714414678,https://himalayantrekkers.com/,,,,,,Thamel Marg,,info@himalayantrekkers.com,,Himalayan Trekkers,Su-Fr 09:00-18:00,,,,,,,,,,,,,,,,,,,,,,,,,,,,,,,,,,,,,,,,,,,,,,,,,,,,,,,,,,,,,,,,,,,,2019-10-06T16:50:17Z,1.0
node/6934746485,6934746485,node,,travel_agency,,+97714700869,http://www.nepalwildernesstrek.com,,,,,,Paknajol,,info@nepalindependentguide.com,,Nepal wilderness trekking Pvt ltd,24/7,,,,,,,,,,,,,,,,,,,,,,,,,,,,,,,,,,,,,,,,,,,,,,,,,,,,,,,,,,,,,,,,,,,,2019-10-31T12:03:10Z,1.0
node/6938714185,6938714185,node,,travel_agency,,9841181910,https://hwwtreks.com/,,,,,,Laha Marga,,info@hwwtreks.com,,Himalayan Wander Walkers,24/7,,,,,,,,,,,,,,,,,,,,,,,,,,,,,,,,,,,,,,,,,,,,,,,,,,,,,,,,,,,,,,,,,,,,2019-11-05T22:14:39Z,1.0
node/6947280785,6947280785,node,,travel_agency,,014022651,http://www.outdoor-exp.com,,,,44600,,Dyabu Marg,,sales@outdoor-exp.com,,Outdoor Expeditions (P.) Ltd.,Su-Fr 09:00-17:00,,,,,,,,,,,,House No 433/36,,,,,,,,,,,,,,,,,,,,,,,,,,,,,,,,,,,,,,,,,,,,,,,,,,,,,,,,2019-11-05T05:40:20Z,1.0
node/6959713187,6959713187,node,,travel_agency,,+9779851006092,https://www.ethichimalaya.com/,,,,,,Rani Devi Marg,,ethichimalaya@gmail.com,,Ethic Himalaya Treks & Expedition P. Ltd,24/7,,,,,,,,,,,,,,,,,,,,,,,,,,,,,,,,,,,,,,,,,,,,,,,,,,,,,,,,,,,,,,,,,,,,2019-11-15T14:03:51Z,1.0
node/6965495486,6965495486,node,,travel_agency,,014022651,http://www.outdoor-exp.com,,,,44600,,Dyabu Marg,,sales@outdoor-exp.com,,Outdoor Expeditions (P.) Ltd.,Su-Fr 10:00-17:00,,,,,,,,,,,,House No 433/36,,,,,,,,,,,,,,,,,,,,,,,,,,,,,,,,,,,,,,,,,,,,,,,,,,,,,,,,2019-11-11T05:22:50Z,1.0
node/7013495985,7013495985,node,,travel_agency,,+9779841505245,http://www.alternativenepal.com,,,,,,,,sherpapasang11111@gmail.com,,Alternative Nepal Treks and Expediction (2nd floor),,,,,,,,,,,,,,,,,,,,,,,,,,,,,,,,,,,Alternative Nepal Treks and Expediction (2nd floor),,,,,,,,,,,,,,,,,,,,,,,,,,,,,,,,,,2019-11-27T09:08:01Z,1.0
node/7045755190,7045755190,node,,travel_agency,,014415028,https://visithimalayatreks.com/,,,,+977,,Thamel Marg,,visithimalayatrek@gmail.com,,Visit Himalaya Treks Pvt. Ltd.,Su-Fr 09:00-18:00,,,,,,,,,,,,,,,,,,,,,,,,,,,,,,,,,,,,,,,,,,,,,,,,,,,,,,,,,,,,,,,,,,,,2019-12-27T21:34:49Z,1.0
node/7106561952,7106561952,node,Nepal Trek Hub,travel_agency,,+977-9849697919,https://www.nepaltrekhub.com,,Kathmandu,,44600,,Kumari Kripa Marg,,nepaltrekhub@gmail.com,,,Mo-Sa 06:00-19:00,,yes,,,,,,,Shreeram Thapaliya,,,,,,,,,,,,yes,yes,,,yes,,,,,,,,,,Nepal Trek Hub,yes,yes,yes,yes,1350,606832690,,,,,,,,,,,,,,,,,,,,,,,,,,,2020-03-14T06:59:44Z,1.0
node/7123653385,7123653385,node,,travel_agency,,,,,,,,,,,,,Global Aventure Trekking,,,,,,,,,,,,,,,,,,,,,,,,,,,,,,,,,,,,,,,,,,,,,,,,,,,,,,,,,,,,,,,,,,,,,2020-01-11T02:56:20Z,1.0
node/7145132772,7145132772,node,Yeta Utaa Travels,travel_agency,,,,,Kathmandu,,44600,,Kanti Path,,,,,Mo-Fr 09:00-17:00,,,,,,,,,Yeta Utaa,,,,,,,,,,,,yes,yes,,,,,,,,,,,,,,,,,,,,,,,,,,,,,,,,,,,,,,,,,,,,,,2020-05-11T18:50:31Z,1.0
node/7209801686,7209801686,node,,travel_agency,,+9779851157213,http://www.sherpatrekker.com,,,,,,Dhapasi Marg,,info@sherpatrekker.com,,Sherpatrekker,,,,,,,,,,,,,,,,,,Sherpatrekker,,,,,,,,,,,,,,,,,,,,,,,,,,,,,,,,,,,,,,,,,,,,,,,,,,,2020-02-14T03:11:16Z,1.0
node/7213404041,7213404041,node,Himalayan Trekking and Tours Pvt. Ltd.,travel_agency,,,https://www.himalayantrekking.com,,Kathmandu,,44600,,Yapikhya Marg,,sales@himalayantrekking.com,,,,,,,,,,,,Surya Shrestha,,,,,,,,,,,,,,,,,,,,,,,,,,,,,,,,,,,,,,,,,,,,,,,,,,,,,,,,,,,2020-02-15T06:47:00Z,1.0
node/7674777085,7674777085,node,,travel_agency,,+97714263740,https://www.tibetholidays.com/,,,,44600,,J.P. Road,,info@tibetholidays.com,,Tibet Holidays,Su-Fr 09:00-18:00,,,,,,,,,,,,,,,,,,,,,,,,,,,,,,,,,,,,,,,,,,टिबेट होलिडेज़,,,,,,,,,,,,,,,,,,,,,,,,,,2020-07-12T07:25:10Z,1.0
node/7675662686,7675662686,node,,travel_agency,,+97714263740,https://www.tibetholidays.com/,,,,44600,,J.P. Road,,info@tibetholidays.com,,Tibet Holidays,Su-Fr 09:00-18:00,,,,,,,,,,,,,,,,,,,,,,,,,,,,,,,,,,,,,,,,,,,,,,,,,,,,,,,,,,,,,,,,,,,,2020-07-12T07:25:15Z,1.0
node/7946059785,7946059785,node,,travel_agency,,+97714263740,https://www.tibetholidays.com/,,,,44600,,J.P. Road,,info@tibetholidays.com,,Tibet Holidays,,,,,,,,,,,,,,,,,,,,,,,,,,,,,,,,,,,,,,,,,,,,,,,,,,,,,,,,,,,,,,,,,,,,,2020-10-03T13:18:55Z,1.0
node/8019963985,8019963985,node,,travel_agency,,9841432068,,,,,00977,,chandrasuraytole,,lamasunil66@hotmail.com,,chandrasuraytole,,,,,,,,,,,,,,,,,,,,,,,,,,,,,,,,,,,,,,,,,,,,,,,,,,,,,,,,,,,,,,,,,,,,,2020-10-19T02:00:29Z,1.0
node/8023127385,8023127385,node,,travel_agency,,9770144355,https://ktmvoyage.com/,,,,,,Nil Sarsaswati Marga,,info@ktmvoyage.com,,ktmvoyage travel and tours pvt ltd,24/7,,,,,,,,,,,,,,,,,,,,,,,,,,,,,,,,,,,,,,,,,,,,,,,,,,,,,,,,,,,,,,,,,,,,2020-11-11T05:09:23Z,1.0
node/8023127386,8023127386,node,,travel_agency,,01977014436955,http://www.roomcha.com,,,,,,Nil Sarsaswati Marga,,info@roomcha.com,,Roomcha.com,24/7,,,,,,,,,,,,,,,,,,,,,,,,,,,,,,,,,,,,,,,,,,,,,,,,,,,,,,,,,,,,,,,,,,,,2020-10-19T20:03:19Z,1.0
node/8026784786,8026784786,node,,travel_agency,,,,,,,,,,,,,nagarkotlocaltoureguide,,,,,,,,,,,,,,,,,,,,,,,,,,,,,,,,,,,,,,,,,,,,,,,,,,,,,,,,,,,,,,,,,,,,,2020-10-21T02:09:50Z,1.0
node/8026803485,8026803485,node,,travel_agency,,9841432068,,,,,,,nagarkothiguwapatiRd,,lamasunil66@hotmail.com,,sun and moon village,24/7,,,,,,,,,,,,,,,,,,,,,,,,,,,,,,,,,,,,,,,,,,,,,,,,,,,,,,,,,,,,,,,,,,,,2020-10-21T02:09:49Z,1.0
node/8062825098,8062825098,node,,travel_agency,,+9779801123401,http://www.socialtours.com,,,,,,Jyatha Street,,book@socialtours.com,,Socialtours,,,,,,,,,,,,,,,,,,,,,,,,,,,,,,,,,,,,,,,,,,,,,,,,,,,,,,,,,,,,,,,,,,,,,2020-10-29T14:19:33Z,1.0
node/8210172630,8210172630,node,Soul Himalaya Treks and Tours,travel_agency,,+977015223308,https://www.soulhimalayatreks.com/,,,,,,,,soulhimalayatreks@gmail.com,,,,,,,,,+9779841340625,,,,,,,,,,,,,,,,,,,,,,,,,,,,,,,,,,,,,23277 Kathmandu Nepal,,,,,,,,,,,,,,,,,,,,,,,,,2020-12-10T12:36:32Z,1.0
way/192183439,192183439,way,Royal Empire Boutique Hotel,travel_agency,,,,,,,,,,METEOR Kathmandu Field Survey 2019,,,,,,,,,,,,,,N/A,,,commercial,,,,,,,,,,,,,,,,,,,,,,,,,,,,,,,"[2027499523, 2027499521, 2027499517, 2027499519, 2027499536, 2027499532, 2027499523]",free_standing,pre_2000,good,N/A,no,flat_land,brick,masonry_wall,3,1,no,N/A,no,load_bearing_brick_wall_in_lime_surkhi_mortar,N/A,commercial,50andabove,rigid,cgi,rigid,complex_irregular,irregular,irregular,2019-03-19T08:19:43Z,1.0
way/203572669,203572669,way,Mountain Star Social Treks and Expedition Pvt. Ltd.,travel_agency,,,http://mountainstarsocialtreks.com/,,,,,,,,,,,,,,,,,,,,,,,,yes,,,,,,,,,,,,,,,,,,,,,,,,,,,,,,,"[2135830735, 2135830714, 2135830692, 2135830697, 2135830735]",,,,,,,,,,,,,,,,,,,,,,,,2015-07-18T19:44:13Z,1.0
way/203572702,203572702,way,Vacation Planners Tours & Travel,travel_agency,,,,,,,,,,,,,,,,,,,,,,,,,,,yes,,,,,,,,,,,,,,,,,,,,,,,,,,,,,,,"[2135830589, 2135830608, 2135830653, 2135830628, 2135830589]",,,,,,,,,,,,,,,,,,,,,,,,2015-07-18T19:44:14Z,1.0
way/203572737,203572737,way,Liberty Holidays,travel_agency,,,https://www.libertyholidays.com/,,,,,,,,,,,,,,,,,,,,,,,,,,,,,,,,,,,,,,,,,,,,,,,,,,,,,,,"[2135830199, 2135830181, 2135830179, 2135830195, 2135830199]",,,,,,,,,,,,,,,,,,,,,,,,2019-03-27T21:26:39Z,1.0
way/204669547,204669547,way,Green Lotus Trekking,travel_agency,,,http://www.green-lotus-trekking.com/,,,,,,,,,,,,,,,,,,,,,,,,yes,,,,,,,,,,,,,,,,,,,,,,,,,,,,,,,"[2146595041, 2146595035, 2146595032, 2146595036, 2146595041]",,,,,,,,,,,,,,,,,,,,,,,,2015-07-18T19:44:12Z,1.0
way/206081043,206081043,way,Everest Mountain Bike,travel_agency,,,http://www.bikeadventurenepal.com/,,,,,,,,,,,,,,,,,,,,,,,,yes,,,,,,,,,,,,,,,,,,,,,,,,,,,,,,,"[2160763308, 2160763302, 2160763292, 2160763296, 2160763308]",,,,,,,,,,,,,,,,,,,,,,,,2016-08-22T16:22:25Z,1.0
way/206081045,206081045,way,Alpine Exodus Pvt. Ltd.,travel_agency,,,http://alpineexodus.com/,,,,,,,,,,,,,,,,,,,,,,,,yes,,,,,,,,,,,,,,,,,,,,,,,,,,,,,,,"[2160763329, 2160763320, 2160763312, 2160763316, 2160763329]",,,,,,,,,,,,,,,,,,,,,,,,2016-08-22T16:22:25Z,1.0
way/206081055,206081055,way,Nepal Tour Operator,travel_agency,,,http://www.nepaltouroperators.com/,,,,,,,,,,,,,,,,,,,,,,,,Tour_Agency,,,,,,,,,,,,,,,,,,,,,,,,,,,,,,,"[2160763715, 2160763717, 2160763709, 2160763708, 2160763715]",,,,,,,,,,,,,,,,,,,,,,,,2014-09-08T14:46:56Z,1.0
way/206081068,206081068,way,Bag Packer's Lodge,travel_agency,,,http://www.bagpackerslodge.com/,,,,,,,,,,,,,,,,,,,,,,,,yes,,,,,,,,,,,,,,,,,,,,,,,,,,,,,,,"[2160763273, 2160763274, 2160763264, 2160763262, 2160763273]",,,,,,,,,,,,,,,,,,,,,,,,2016-08-22T16:22:26Z,1.0
way/206617814,206617814,way,Kathmandu Holiday Tours & Travels Pvt. Ltd,travel_agency,,,http://www.kathmanduholiday.com/,,,,,,,,,,,,,,,,,,,,,,,,yes,,,,,,,,,,,,,,,,,,,,,,,,,,,,,,,"[2166477555, 2166477573, 2166477567, 2166477554, 2166477555]",,,,,,,,,,,,,,,,,,,,,,,,2016-08-22T16:22:25Z,1.0
way/206617831,206617831,way,Admiral Adventure Treks,travel_agency,,,http://www.admiraladventure.com/,,,,,,,,,,,,,,,,,,,,,,,,yes,,,,,,,,,,,,,,,,,,,,,,,,,,,,,,,"[2166477572, 2166477592, 2166477588, 2166477569, 2166477572]",,,,,,,,,,,,,,,,,,,,,,,,2016-08-22T16:22:25Z,1.0
way/214073219,214073219,way,Center for Information Technology Nepal,travel_agency,,,,,,,,,,,,,,,,,,,,,,,,,,,yes,,,,,,,,,,,,,,,,,,,,,,,,,,,,,,,"[2236941391, 2236941389, 2236941400, 2236941406, 2236941391]",,,,,,,,,,,,,,,,,,,,,,,,2013-03-30T07:28:52Z,1.0
way/236513023,236513023,way,Victory Nepal,travel_agency,,,http://victorynepal.blogspot.com/,,,,,,,,,,,,,,,,,,,,,,,87,yes,,,,,,,,,,,,,,,,,,,,,,,,,,,,,,,"[2445351666, 2526202215, 2445351668, 2526202207, 2445351665, 2445351660, 6078122426, 6078122427, 2445351666]",no,,,,no,,,,2,,no,,no,load_bearing_brick_wall_in_cement_mortar,,residential,,rigid,,rigid,,regular,irregular,2018-12-07T06:22:10Z,1.0
way/238049482,238049482,way,Access The Asia Treks (Trekking & Tours Specialize In Nepal ),travel_agency,,,http://www.accesstheasia.com,,,,,,,,,,,,,,,,,,,,,,,140/9,yes,,,,,,,,,,,,,,,,,,,,,,,,,,,,,,,"[2459168235, 2459168233, 2459168226, 2459168229, 2459168235]",no,,,,no,,,,3,,no,,no,non_engineered_reinforced_concrete,,residential,,rigid,,rigid,,irregular,irregular,2018-12-07T06:22:10Z,1.0
way/245045985,245045985,way,Nepalaya Seasonal Tours & Travel Pvt.Ltd,travel_agency,,,,,,,,,,,,,,,,,,,,,,,,,,,,,,,,,,,,,,,,,,,,,,,,,,,,,,,,,,"[2523050400, 2523050402, 2523050408, 2523050404, 2523050403, 2523050400]",,,,,,,,,,,,,,,,,,,,,,,,2015-07-18T19:44:13Z,1.0
way/350279662,350279662,way,Terres du Nepal Trekking,travel_agency,,+9779841833273,https://www.terresdunepal.com/,,Kathmandu,,,,Thamel Marg,,,,,24/7,,,,,,,,,,,,,yes,,,,,,,Trekking Agency. Agence de voyage et de trek avec guide francophone,,,,,,,,,,,,,,,,,,,,,,,,"[2150123572, 2150123570, 3554606855, 3554606856, 3560217337, 2150123572]",,,,,,,,,3,,,,,,,,,,,,,,,2020-03-02T10:34:45Z,1.0
way/649816951,649816951,way,Gokyo Treks and Expedition Pvt. Ltd.,travel_agency,,,https://www.gokyotreksnepal.com,,Kathmandu,,44600,,Kumari Kripa Marg,,info@gokyotreksnepal.com,,,Mo-Su 08:00-22:00,,,,,,,,,Ammar Raj Guni,,,,shed,,,,,,,,yes,yes,,,,,,,,,,,,,,,,,,,,,,"[6098187210, 6098187209, 6098187208, 6098187207, 6098187210]",,,,,,,,,,,,,,,,,,,,,,,,2020-01-05T03:34:54Z,1.0
